2015/6/24,63.45,63.45,63.38,63.38,3300,WRK
2015/6/25,62.9,62.9,61.9,61.9,3700,WRK
2015/6/26,,,,61.9,100,WRK
2015/6/29,60.92,60.92,60.8,60.8,300,WRK
2015/6/30,61.33,61.4,60.33,60.9,1815537,WRK
2015/7/1,60.74,62.4,60.63,62.4,192377,WRK
2015/7/2,63,65,62.4,64.99,1744987,WRK
2015/7/6,65.12,66.4,62.99,63.75,2092257,WRK
2015/7/7,63.91,63.99,61.54,62.47,3053125,WRK
2015/7/8,62.5,63.9,59.5,59.71,3784289,WRK
2015/7/9,59.5,60.93,58.51,59.51,2284226,WRK
2015/7/10,59.97,61.6,59.4,61.4,2237703,WRK
2015/7/13,62.04,62.25,61.61,62.12,1248987,WRK
2015/7/14,62.1,63.05,61.44,62.19,994808,WRK
2015/7/15,62.25,62.93,61.13,61.62,1209854,WRK
2015/7/16,61.7,63.68,61.536,62.32,1365863,WRK
2015/7/17,62.62,63.25,61.64,61.75,1213162,WRK
2015/7/20,62,62.93,61.5,61.55,1977775,WRK
2015/7/21,61.84,62.86,59.62,59.85,1808280,WRK
2015/7/22,60.35,61.14,59.57,60.14,900133,WRK
2015/7/23,59.77,60.78,59.35,59.85,1124672,WRK
2015/7/24,59.55,59.95,57.66,58.91,1154608,WRK
2015/7/27,58.45,59.42,57.865,58.19,1255150,WRK
2015/7/28,58.52,59.75,57.49,59.34,1636666,WRK
2015/7/29,58.88,59.73,58.08,59.39,1790204,WRK
2015/7/30,61.36,63.19,61.04,62.83,3530135,WRK
2015/7/31,61.5,63.75,61.16,63.06,1624924,WRK
2015/8/3,63.37,64.74,62.39,63.17,2128045,WRK
2015/8/4,62.25,63.45,62.24,62.57,702962,WRK
2015/8/5,63.29,63.96,62.22,62.75,1499416,WRK
2015/8/6,62,62.5,60.48,61.74,2536887,WRK
2015/8/7,61.68,62.61,60.98,62.56,2060919,WRK
2015/8/10,62.99,63.5,61.9,62.98,1424070,WRK
2015/8/11,64,64,61.71,63.4,1727206,WRK
2015/8/12,63.4,63.87,61.71,63.31,1396295,WRK
2015/8/13,63.26,63.7975,62.35,63.13,844266,WRK
2015/8/14,63.13,63.81,61.959,63.23,938717,WRK
2015/8/17,62.63,63.41,62.63,63.34,714354,WRK
2015/8/18,63.02,63.58,62.91,63.16,806543,WRK
2015/8/19,62.98,63.29,62.07,62.07,1078040,WRK
2015/8/20,61.75,61.75,60.38,60.68,1297576,WRK
2015/8/21,60.22,60.265,58.63,59.01,1959044,WRK
2015/8/24,56.66,60.29,53.48,56.46,2146015,WRK
2015/8/25,58.3,58.37,55.01,55.5,2348724,WRK
2015/8/26,57.13,57.94,55.15,56.45,1860463,WRK
2015/8/27,58.24,59.25,57.74,59.22,1874589,WRK
2015/8/28,59.32,60.42,59.22,60.26,1508710,WRK
2015/8/31,60.09,60.23,58.64,59.35,1681729,WRK
2015/9/1,58.5,59.12,57.66,58.43,1851549,WRK
2015/9/2,59.34,59.44,57.45,58.17,1237808,WRK
2015/9/3,58.35,59.64,58.18,58.72,1106028,WRK
2015/9/4,57.26,58.33,57.25,57.35,821081,WRK
2015/9/8,58.14,58.68,57.69,58.6,625521,WRK
2015/9/9,59,60.06,58.13,58.25,1079371,WRK
2015/9/10,58.13,59.41,58.03,58.74,1662988,WRK
2015/9/11,58.5,59.78,58.02,58.75,1032846,WRK
2015/9/14,58.75,59.62,57.55,59.58,1485322,WRK
2015/9/15,62.99,62.99,58.67,59.68,1422948,WRK
2015/9/16,59.23,59.23,57.01,58.79,1964997,WRK
2015/9/17,58.68,59.18,57.38,57.73,1228568,WRK
2015/9/18,56.97,57.33,55.6,55.7,2215412,WRK
2015/9/21,57.68,57.68,55.49,55.86,1649264,WRK
2015/9/22,56.99,56.99,53.45,53.94,1991919,WRK
2015/9/23,53.83,55.02,52.58,52.79,1841632,WRK
2015/9/24,51.01,52.45,50.5,52.31,2477608,WRK
2015/9/25,52.57,52.78,51.67,51.95,1469232,WRK
2015/9/28,51.36,51.92,49.9,49.97,1765843,WRK
2015/9/29,49.38,51.27,48.8,50.57,1774599,WRK
2015/9/30,54.76,54.76,50.62,51.44,1591805,WRK
2015/10/1,55.22,56.05,51.09,52,2199753,WRK
2015/10/2,49.99,53.05,49.99,53.01,1927921,WRK
2015/10/5,53.4,54.38,53.11,54.1,1544706,WRK
2015/10/6,54.36,55.05,53.97,54.31,2165271,WRK
2015/10/7,51.54,54.83,51.54,54.06,2463152,WRK
2015/10/8,53.92,54.64,53.56,54.19,1810711,WRK
2015/10/9,55.01,57.72,55.01,57.57,3475499,WRK
2015/10/12,57.53,57.59,55.48,56.33,1297338,WRK
2015/10/13,55.66,56.8,55.45,55.54,1768995,WRK
2015/10/14,55.58,56.19,55.28,55.76,1020990,WRK
2015/10/15,55.57,56.13,54.95,56.01,877067,WRK
2015/10/16,57.85,57.85,54.76,55.79,1397040,WRK
2015/10/19,55.19,55.729,53.6616,54.27,1440255,WRK
2015/10/20,53.84,54.4399,51.36,53.76,1125935,WRK
2015/10/21,54.2,54.2,51.75,52.57,1562911,WRK
2015/10/22,53.17,53.76,51.93,52.5,1879332,WRK
2015/10/23,52.69,53.71,52.64,53.37,1502294,WRK
2015/10/26,53.3,53.355,52.19,53.26,1164100,WRK
2015/10/27,52.79,53.31,52.17,53.07,1021770,WRK
2015/10/28,54.8,54.92,52.96,54.41,1828714,WRK
2015/10/29,52.71,54.83,52.02,54.06,1101222,WRK
2015/10/30,54.11,54.56,53.76,53.76,1046013,WRK
2015/11/2,53.56,54.65,53.52,54.1,1169850,WRK
2015/11/3,51.02,53.82,51.02,53.22,1388184,WRK
2015/11/4,54.84,54.84,53.12,53.25,1021852,WRK
2015/11/5,49.98,52.59,48.2,51.38,3935048,WRK
2015/11/6,50.92,53.73,50.92,53.66,1404944,WRK
2015/11/9,51.13,54.09,51.12,51.9,1477481,WRK
2015/11/10,52.59,52.59,50.33,51.33,1202625,WRK
2015/11/11,50.44,51.9499,50.44,51.56,801704,WRK
2015/11/12,50.4,50.92,49.24,49.27,1346459,WRK
2015/11/13,48.92,49.98,48.43,48.55,1641965,WRK
2015/11/16,48.6,48.745,47.65,47.93,2369737,WRK
2015/11/17,46.29,49.04,46.29,47.75,2299688,WRK
2015/11/18,47.64,49.62,47.64,49.57,1771495,WRK
2015/11/19,49.29,50.5,48.98,50.18,1538448,WRK
2015/11/20,50.36,50.7,49.84,50.11,986829,WRK
2015/11/23,49.11,50.89,49.11,50.4,1194504,WRK
2015/11/24,52.62,52.62,50.04,50.5,1721667,WRK
2015/11/25,49.93,51.02,48.99,50.28,926120,WRK
2015/11/27,50.12,50.68,49.9907,50.41,289048,WRK
2015/11/30,52.1,52.1,50.52,50.63,1461775,WRK
2015/12/1,50.78,51.72,50.4,51.02,1056317,WRK
2015/12/2,49.77,51.57,49.77,50.37,1084265,WRK
2015/12/3,52.1,52.1,50.01,50.53,1244232,WRK
2015/12/4,50.67,50.78,49.78,50.42,827737,WRK
2015/12/7,49.31,50.42,48.9,48.96,1541524,WRK
2015/12/8,48.86,49.18,47.98,48,1232173,WRK
2015/12/9,48.14,48.82,47.5,48.05,1529283,WRK
2015/12/10,47.03,48.34,46.5,46.91,3138896,WRK
2015/12/11,46.18,46.98,45.61,45.76,1569255,WRK
2015/12/14,45.65,45.93,43.9,44.15,2078636,WRK
2015/12/15,44.67,45.562,43.55,43.57,3263628,WRK
2015/12/16,44.01,45.01,42.75,44.92,3985899,WRK
2015/12/17,44.79,45.29,44.42,44.87,3345609,WRK
2015/12/18,44.98,45.382,44.04,44.09,5003509,WRK
2015/12/21,44.25,44.85,44.02,44.48,3419447,WRK
2015/12/22,44.54,44.76,43.325,44.04,2501617,WRK
2015/12/23,44.46,45.625,44.07,45.51,1720045,WRK
2015/12/24,45.69,46.11,45.29,45.51,442078,WRK
2015/12/28,45.41,45.66,44.9101,45.63,943502,WRK
2015/12/29,45.94,46.3,45.68,45.87,881896,WRK
2015/12/30,45.71,46.075,45.5201,45.76,1051118,WRK
2015/12/31,45.45,46.355,45.4,45.62,972200,WRK
2016/1/4,44.81,45.53,44.3949,45.52,1646254,WRK
2016/1/5,45.57,45.705,45.24,45.49,1566922,WRK
2016/1/6,44.7,44.895,44,44.23,1378315,WRK
2016/1/7,43.32,44.58,43.15,43.79,1994407,WRK
2016/1/8,43.54,43.67,41.74,41.93,2958780,WRK
2016/1/11,42.07,42.2,39.41,39.76,3725662,WRK
2016/1/12,40.02,40.44,37.9,38.35,3538004,WRK
2016/1/13,37.92,40.02,37.89,37.96,4673555,WRK
2016/1/14,38.14,38.93,37.42,38.5,1770883,WRK
2016/1/15,37.55,38.16,36.9,37.05,2434447,WRK
2016/1/19,37.44,37.58,36.218,36.46,2377798,WRK
2016/1/20,35.88,36.77,34.52,36.05,2680409,WRK
2016/1/21,36.23,37.36,35.78,36.41,1647912,WRK
2016/1/22,37.25,38.18,36.91,37.74,1873201,WRK
2016/1/25,34.07,34.19,31.53,32.11,8386684,WRK
2016/1/26,32.4,32.94,31.86,32.08,2887274,WRK
2016/1/27,31.73,33.7099,31.73,32.6,2064444,WRK
2016/1/28,32.8,33.3,31.63,31.65,2466838,WRK
2016/1/29,31.86,35.41,31.7,35.28,5158792,WRK
2016/2/1,34.79,35.26,33.4,35.01,3585805,WRK
2016/2/2,34.14,34.39,33.32,33.36,3029772,WRK
2016/2/3,33.95,34.31,32.89,33.31,3747026,WRK
2016/2/4,33.13,34.55,33.11,34.43,3319042,WRK
2016/2/5,34.21,34.86,33.3,33.4,1402320,WRK
2016/2/8,33.2,33.39,31.8,32.19,2067269,WRK
2016/2/9,31.67,32.927,31.63,32.69,3128848,WRK
2016/2/10,31.63,33.15,31.29,31.35,3092819,WRK
2016/2/11,30.82,31.3,29.73,29.94,2988264,WRK
2016/2/12,30.38,31.09,30.12,31.03,2271281,WRK
2016/2/16,31.5,31.69,30.6903,31.51,2352771,WRK
2016/2/17,32.07,33.12,31.71,32.71,2006866,WRK
2016/2/18,32.85,33.16,32,32.73,1989132,WRK
2016/2/19,31.67,32.49,30.56,31.56,3522612,WRK
2016/2/22,32.97,32.97,31.76,32.35,1492379,WRK
2016/2/23,32.17,32.68,31.93,32.58,1446714,WRK
2016/2/24,32.01,32.63,31.66,32.31,1663941,WRK
2016/2/25,32.56,32.99,31.84,32.42,1435968,WRK
2016/2/26,32.54,34.093,32.19,33.56,2113596,WRK
2016/2/29,32.54,35.19,32.54,33.77,2816462,WRK
2016/3/1,34.18,35.415,33.98,35.4,1932642,WRK
2016/3/2,35.2,36.98,35.07,36.9,2884122,WRK
2016/3/3,36.73,37.83,36.73,37.68,2447455,WRK
2016/3/4,37.91,38,36.23,36.76,3203757,WRK
2016/3/7,36.64,37.19,35.63,36.24,2099353,WRK
2016/3/8,35.84,36.135,34.66,35.36,2397309,WRK
2016/3/9,35.65,36.04,35.28,35.6,2395293,WRK
2016/3/10,35.64,35.92,34.56,35.04,1716136,WRK
2016/3/11,35.53,36.99,35.165,36.96,1555194,WRK
2016/3/14,36.3,38.41,36.3,38.02,2476718,WRK
2016/3/15,37.93,37.93,36.4,37.02,1277932,WRK
2016/3/16,37.05,38.25,36.605,37.99,2021710,WRK
2016/3/17,37.75,39.59,37.75,39.39,2604935,WRK
2016/3/18,39.5,39.9,38.29,39.43,8024556,WRK
2016/3/21,39.27,40.647,39.27,40.11,2768376,WRK
2016/3/22,39.68,40.44,39.52,40.19,2172964,WRK
2016/3/23,39.86,40.12,39.03,39.2,1255647,WRK
2016/3/24,38.63,38.74,38.15,38.53,1519127,WRK
2016/3/28,38.66,38.76,38.05,38.46,1116612,WRK
2016/3/29,38.09,38.98,37.4,38.96,1378286,WRK
2016/3/30,38.99,39.32,37.5,38.25,1509728,WRK
2016/3/31,38.16,39.07,38.08,39.03,2292068,WRK
2016/4/1,38.78,39.48,38.46,39.2,1975259,WRK
2016/4/4,39,39.39,37.78,37.84,1351319,WRK
2016/4/5,37.47,37.65,36.19,36.47,1503686,WRK
2016/4/6,36.39,37.37,36.39,37.35,1355102,WRK
2016/4/7,36.94,37.45,36.785,37,1816216,WRK
2016/4/8,35.52,37.4,35.52,37.19,1877984,WRK
2016/4/11,37.59,38.06,37.03,37.23,1039877,WRK
2016/4/12,37.21,38.05,36.96,37.94,1548997,WRK
2016/4/13,38.23,39.15,38.09,39.11,1352569,WRK
2016/4/14,39.2,39.2,38.04,38.31,1500186,WRK
2016/4/15,38.12,38.98,38.12,38.62,1760421,WRK
2016/4/18,38.06,39.01,38.06,39.01,1380363,WRK
2016/4/19,39.25,40.31,39.21,39.79,1680250,WRK
2016/4/20,39.79,40.07,39.425,39.55,1455749,WRK
2016/4/21,39.41,40.18,39.35,39.41,1647061,WRK
2016/4/22,38.84,40.97,38.84,40.74,2868999,WRK
2016/4/25,40.25,40.5,38.97,39.74,1776866,WRK
2016/4/26,39.73,40.92,39.73,40.8,2161450,WRK
2016/4/27,40.73,41.88,40.66,41.63,2022920,WRK
2016/4/28,41.24,42.32,40.86,41.75,3306853,WRK
2016/4/29,43.52,44.485,40.91,41.85,2842606,WRK
2016/5/2,41.8,41.8,40.51,41.32,1913636,WRK
2016/5/3,41.03,41.03,39.3901,39.93,2337720,WRK
2016/5/4,39.57,39.57,38.34,38.96,2313667,WRK
2016/5/5,39.07,40.31,38.8001,40.19,1820015,WRK
2016/5/6,40.05,41.03,39.71,40.9,1608715,WRK
2016/5/9,40.94,41.69,40.81,41.57,1745586,WRK
2016/5/10,41.95,42.47,41.405,42.43,2278778,WRK
2016/5/11,42.51,43.26,41.73,42.78,2631893,WRK
2016/5/12,43.21,43.6,42.2989,42.51,1509266,WRK
2016/5/13,42.45,42.89,41.82,38.39,2153541,WRK
2016/5/16,39.33,41.1,38.29,39.63,3935533,WRK
2016/5/17,39.2,39.21,37.58,37.97,3815250,WRK
2016/5/18,38.01,38.44,37.102,37.4,1927781,WRK
2016/5/19,37.44,37.44,36.12,37,1489030,WRK
2016/5/20,37.05,37.92,37.01,37.9,1768331,WRK
2016/5/23,37.83,38.35,37.77,38.05,1820559,WRK
2016/5/24,38.23,38.85,38.05,38.69,1678441,WRK
2016/5/25,39.03,39.78,38.69,39.4,1438224,WRK
2016/5/26,39.64,39.64,38.79,39.32,998532,WRK
2016/5/27,39.31,39.85,39.1,39.78,1002762,WRK
2016/5/31,40.08,40.1099,39.34,39.61,1516064,WRK
2016/6/1,39.49,39.64,39.07,39.59,1119783,WRK
2016/6/2,39.16,39.9,39.16,39.87,1610591,WRK
2016/6/3,39.95,39.96,39.11,39.74,753300,WRK
2016/6/6,40.03,40.32,39.685,40.24,1189263,WRK
2016/6/7,40.29,40.56,39.93,40.16,993429,WRK
2016/6/8,40.35,40.59,39.925,40.47,1227819,WRK
2016/6/9,40.44,40.44,39.72,40.3,671002,WRK
2016/6/10,39.92,39.92,38.635,39,1300095,WRK
2016/6/13,38.62,39.19,37.92,37.97,1575115,WRK
2016/6/14,37.82,37.94,37.3,37.84,1146320,WRK
2016/6/15,38.14,39.01,38.018,38.37,1236797,WRK
2016/6/16,38.22,38.99,37.78,38.94,1198020,WRK
2016/6/17,38.75,39.98,38.75,39.73,2146902,WRK
2016/6/20,40.5,41.17,39.78,40.75,2236527,WRK
2016/6/21,40.69,41.23,40.505,40.9,1446206,WRK
2016/6/22,41.14,41.14,40.38,40.46,1187663,WRK
2016/6/23,41.19,41.53,40.91,41.51,1753048,WRK
2016/6/24,39.32,40.03,38.38,38.59,3441205,WRK
2016/6/27,38.07,38.21,35.77,35.87,1921829,WRK
2016/6/28,36.34,37.37,35.91,37.27,1539956,WRK
2016/6/29,37.98,38.36,37.32,37.98,1215350,WRK
2016/6/30,38.07,38.88,37.64,38.87,1924955,WRK
2016/7/1,38.85,39.44,38.68,39.05,1128494,WRK
2016/7/5,38.85,38.85,36.395,37.04,2567308,WRK
2016/7/6,36.99,37.47,36.33,37.42,2601379,WRK
2016/7/7,37.61,38.04,36.83,37.16,1474562,WRK
2016/7/8,37.75,38.64,37.71,38.55,1575778,WRK
2016/7/11,38.61,39.07,38.45,38.87,848684,WRK
2016/7/12,39.44,40.005,39.26,39.74,1254799,WRK
2016/7/13,40.02,40.09,39.14,39.61,1193780,WRK
2016/7/14,40,40.33,39.39,40.21,1799133,WRK
2016/7/15,42.16,43.18,41.15,42.51,3627879,WRK
2016/7/18,42.32,43.355,41.89,43.25,1944970,WRK
2016/7/19,43.1,43.4,42.66,42.92,999243,WRK
2016/7/20,43.16,43.84,42.79,43.58,1595030,WRK
2016/7/21,43.74,44.14,43.14,43.29,1104524,WRK
2016/7/22,43.3,43.34,42.98,43.13,827903,WRK
2016/7/25,42.82,43.13,42.47,42.84,1164843,WRK
2016/7/26,42.64,43.72,42.64,43.63,1043498,WRK
2016/7/27,43.86,43.86,42.89,43.24,1259252,WRK
2016/7/28,42.92,43.32,42.54,42.77,974608,WRK
2016/7/29,42.46,42.96,42.16,42.91,2359472,WRK
2016/8/1,42.88,42.93,41.68,41.92,2006381,WRK
2016/8/2,41.58,41.73,40.65,41.01,2183592,WRK
2016/8/3,40.68,42.24,40.63,41.95,2221487,WRK
2016/8/4,42.43,44.99,42.43,43.72,3875962,WRK
2016/8/5,44.12,44.59,43.82,44.08,1825948,WRK
2016/8/8,44.08,44.29,43.71,44.01,1470280,WRK
2016/8/9,44.14,44.58,43.74,43.83,2064034,WRK
2016/8/10,43.84,44.87,43.23,43.86,2104920,WRK
2016/8/11,44.76,45.3,43.89,45.27,2091103,WRK
2016/8/12,45.11,45.34,44.19,44.47,1466428,WRK
2016/8/15,44.79,44.87,43.95,44,1437964,WRK
2016/8/16,44.39,45.54,44.32,44.86,1335707,WRK
2016/8/17,45.04,45.56,44.59,45.49,1326121,WRK
2016/8/18,45.51,45.99,45.115,45.57,1720641,WRK
2016/8/19,45.22,45.74,44.625,45.41,1672160,WRK
2016/8/22,44.83,45.25,43.57,44.35,2441369,WRK
2016/8/23,44.77,45.2,44.585,44.68,1486246,WRK
2016/8/24,44.67,44.86,44.33,44.47,1134951,WRK
2016/8/25,44.44,47.33,44.23,47.07,3930746,WRK
2016/8/26,47.34,48.7,47.22,48.05,4420246,WRK
2016/8/29,47.97,48.8,47.97,48.59,2031496,WRK
2016/8/30,48.64,48.88,48.18,48.54,1624856,WRK
2016/8/31,48.16,48.44,47.64,47.9,1832484,WRK
2016/9/1,48.01,48.56,47.72,48.51,1754701,WRK
2016/9/2,48.9,48.97,48.35,48.55,1183831,WRK
2016/9/6,48.72,49.14,48.42,48.83,1354074,WRK
2016/9/7,48.84,49.18,48.41,49.08,1242362,WRK
2016/9/8,48.96,49.12,48.005,48.19,2150263,WRK
2016/9/9,47.26,47.6086,46.16,46.49,2813528,WRK
2016/9/12,45.96,47.48,45.7401,47.29,2187137,WRK
2016/9/13,46.6,47.49,46.2303,46.56,2030622,WRK
2016/9/14,46.71,46.76,45.64,45.97,1697258,WRK
2016/9/15,46.02,46.93,45.76,46.53,3481265,WRK
2016/9/16,47.2,48.9295,46.88,47.72,3440108,WRK
2016/9/19,48.25,48.67,47.67,47.67,1507165,WRK
2016/9/20,47.98,48.36,47.2,47.24,1392062,WRK
2016/9/21,47.78,48.37,47.46,48.29,1742706,WRK
2016/9/22,48.52,49.13,47.96,48.36,1729837,WRK
2016/9/23,48.61,49.05,48.11,48.4,1282204,WRK
2016/9/26,48.1,48.22,47.61,47.69,1214842,WRK
2016/9/27,47.39,47.89,47.23,47.6,1416332,WRK
2016/9/28,47.57,48.24,46.92,47.74,1850770,WRK
2016/9/29,47.68,48.09,47.08,47.31,1139668,WRK
2016/9/30,47.83,48.7,47.6145,48.48,1932426,WRK
2016/10/3,48.47,49.07,47.96,48.21,1154748,WRK
2016/10/4,48.61,48.89,47.74,47.87,941630,WRK
2016/10/5,48.33,48.33,45.59,46.54,3339876,WRK
2016/10/6,46.34,48,46.34,47.45,1669444,WRK
2016/10/7,47.23,47.52,46.26,46.5,1951809,WRK
2016/10/10,46.7,47.4,46.32,46.98,1099182,WRK
2016/10/11,46.78,46.91,45.56,45.66,1688939,WRK
2016/10/12,45.75,46.25,45.65,46,1116610,WRK
2016/10/13,45.46,45.51,44.31,45.05,1346237,WRK
2016/10/14,45.53,46.99,45.53,46.71,1191366,WRK
2016/10/17,46.79,48.18,46.79,47.59,1638028,WRK
2016/10/18,48.38,48.38,47.44,47.8,1542756,WRK
2016/10/19,48.08,48.79,47.75,48.65,1070880,WRK
2016/10/20,48.29,48.3,46.55,46.91,1879263,WRK
2016/10/21,46.41,47.04,45.91,46.44,1013035,WRK
2016/10/24,47,47.93,46.8,47.21,2224713,WRK
2016/10/25,46.88,47.19,46.67,46.96,2432323,WRK
2016/10/26,46.76,47.3,46.43,46.95,2120996,WRK
2016/10/27,47.03,47.28,45.49,46.33,1153404,WRK
2016/10/28,46.6,47.02,45.93,46.16,864680,WRK
2016/10/31,46.14,46.58,46.08,46.19,1192657,WRK
2016/11/1,46.46,46.67,44.6,45.31,1794578,WRK
2016/11/2,44.97,46.07,44.97,45.83,1281758,WRK
2016/11/3,46.14,46.21,45.52,45.62,1221979,WRK
2016/11/4,45.44,46.95,45.41,46.35,2387757,WRK
2016/11/7,48.59,48.59,43.79,45.27,2786115,WRK
2016/11/8,44.97,46.01,44.48,45.69,1667970,WRK
2016/11/9,45.62,48.1,44.72,47.69,2520096,WRK
2016/11/10,48.01,48.97,48,48.38,2520482,WRK
2016/11/11,48.14,48.48,47.47,47.95,1385572,WRK
2016/11/14,48.15,49.52,48.11,49.42,2210911,WRK
2016/11/15,49.64,49.76,48.97,49.65,1901029,WRK
2016/11/16,49.98,50.87,49.76,50.04,2285313,WRK
2016/11/17,49.92,50.38,49.25,49.78,1654811,WRK
2016/11/18,49.64,51.14,49.47,50.27,1836047,WRK
2016/11/21,49.78,50.52,49.27,50.46,1674174,WRK
2016/11/22,50.53,50.85,50.41,50.73,1282001,WRK
2016/11/23,50.39,51.23,50.39,50.86,1302902,WRK
2016/11/25,50.77,51.11,50.41,51.11,411765,WRK
2016/11/28,51.18,51.18,50.47,50.92,1734484,WRK
2016/11/29,50.92,51.5,50.66,50.89,1194150,WRK
2016/11/30,51.01,51.38,50.72,51.2,1675255,WRK
2016/12/1,51.61,51.7,50.56,50.92,2432411,WRK
2016/12/2,51.03,51.12,50.25,51.01,2006495,WRK
2016/12/5,51.56,51.59,51.095,51.52,1087651,WRK
2016/12/6,51.36,51.79,51.24,51.77,1029339,WRK
2016/12/7,52.06,53.05,52.06,52.79,1604228,WRK
2016/12/8,52.64,53.56,52.64,52.73,1404677,WRK
2016/12/9,52.51,52.8,51.98,52.45,1359957,WRK
2016/12/12,52.6,52.66,50.85,51.07,1963234,WRK
2016/12/13,51.12,51.675,50.59,51.12,1477739,WRK
2016/12/14,50.91,52.29,50.9,51.47,2276783,WRK
2016/12/15,51.53,53.0599,51.39,52.36,4560528,WRK
2016/12/16,52.1,52.79,52.1,52.72,3056396,WRK
2016/12/19,52.51,52.81,52.01,52.31,1344534,WRK
2016/12/20,52.68,53.05,52.23,52.48,1236999,WRK
2016/12/21,52.58,52.845,52.17,52.32,1095869,WRK
2016/12/22,52.01,52.347,51.23,51.53,894692,WRK
2016/12/23,51.37,51.91,51.37,51.89,698124,WRK
2016/12/27,52.13,52.41,51.88,52.27,466521,WRK
2016/12/28,52.59,52.59,51.4575,51.53,909035,WRK
2016/12/29,51.48,51.8,51.01,51.61,658603,WRK
2016/12/30,51.84,51.84,50.53,50.77,811919,WRK
2017/1/3,51.35,51.77,50.78,51.22,1026224,WRK
2017/1/4,51.49,52.175,51.18,51.99,1225205,WRK
2017/1/5,51.63,52.66,51.55,52.23,937151,WRK
2017/1/6,52.48,52.87,51.9321,52.49,1139150,WRK
2017/1/9,52.355,52.94,51.77,52.2,987985,WRK
2017/1/10,52.13,52.37,51.67,52.08,1342558,WRK
2017/1/11,52.06,52.69,51.75,52.43,979437,WRK
2017/1/12,52.12,52.39,51.11,52.21,1317750,WRK
2017/1/13,52.48,52.83,52,52.35,1377569,WRK
2017/1/17,52.08,52.185,50.98,51.46,1128508,WRK
2017/1/18,51.57,52.16,51.295,51.68,1100618,WRK
2017/1/19,51.52,51.9399,51.08,51.28,589493,WRK
2017/1/20,51.61,52.58,51.46,52.21,1236732,WRK
2017/1/23,52.22,53.21,52.05,53.16,1577188,WRK
2017/1/24,53.69,55.22,53.6,54.05,3313795,WRK
2017/1/25,54.26,56.12,54.26,55.62,2723966,WRK
2017/1/26,55.44,55.95,54.32,54.42,1904874,WRK
2017/1/27,55.53,55.66,53.76,53.91,1464984,WRK
2017/1/30,53.96,53.96,52.75,53.76,1331534,WRK
2017/1/31,53.76,54.4,52.81,53.36,1343902,WRK
2017/2/1,53.47,54.12,52.29,53.21,1246129,WRK
2017/2/2,53.95,53.95,52.1201,53.66,2106806,WRK
2017/2/3,53.88,54.85,53.8,54.33,1436956,WRK
2017/2/6,53.91,54.35,53.45,54.2,1498445,WRK
2017/2/7,54.42,55.28,53.78,53.9,2154713,WRK
2017/2/8,53.56,55.67,52.61,54.02,4015257,WRK
2017/2/9,53.99,53.99,52.07,52.31,1968877,WRK
2017/2/10,52.59,52.909,52.15,52.48,1408082,WRK
2017/2/13,52.68,53.49,52.16,52.7,1873507,WRK
2017/2/14,52.87,53.73,52.71,53.52,1464220,WRK
2017/2/15,53.49,54.23,53.49,53.86,2022245,WRK
2017/2/16,53.97,54.82,53.88,54.33,1707350,WRK
2017/2/17,54.17,54.17,52.51,52.66,2448489,WRK
2017/2/21,52.7,53.95,52.54,53.83,2297448,WRK
2017/2/22,53.54,53.79,52.88,53.19,1109032,WRK
2017/2/23,53.64,53.99,52.99,53.34,1735109,WRK
2017/2/24,53.47,53.74,52.83,53.43,1089181,WRK
2017/2/27,53.17,54,53.01,53.73,895365,WRK
2017/2/28,53.78,53.85,53.41,53.72,1620258,WRK
2017/3/1,54.23,55.06,54.03,54.56,1339754,WRK
2017/3/2,54.35,54.66,53.98,54.05,1266953,WRK
2017/3/3,54.04,54.15,53.42,54.04,919166,WRK
2017/3/6,53.45,53.67,51.72,52.16,2382195,WRK
2017/3/7,51.96,52.2,50.79,50.9,2122110,WRK
2017/3/8,51.3,51.89,51.02,51.3,3310439,WRK
2017/3/9,51.2,51.4,50.5301,50.93,1793353,WRK
2017/3/10,51.24,51.85,50.9,51.24,1467842,WRK
2017/3/13,51.35,51.8,51.15,51.32,1024916,WRK
2017/3/14,50.83,51.16,50.58,50.87,944762,WRK
2017/3/15,51.24,52.005,50.91,51.79,1034977,WRK
2017/3/16,52.06,52.75,52,52.45,1520551,WRK
2017/3/17,52.49,52.84,52.27,52.38,2695428,WRK
2017/3/20,52.44,53.15,51.91,53.09,1358982,WRK
2017/3/21,53.01,53.4,51.25,51.48,2010716,WRK
2017/3/22,51.53,52.59,51.31,52.46,1229253,WRK
2017/3/23,52.4,53.4,52.27,52.91,964766,WRK
2017/3/24,52.91,53.14,52.02,52.4,1274647,WRK
2017/3/27,51.82,51.82,50.77,51.6,1540954,WRK
2017/3/28,51.58,53.085,51.35,52.86,1353235,WRK
2017/3/29,52.52,52.74,52,52.03,1497106,WRK
2017/3/30,51.83,52.65,51.68,52.56,1028191,WRK
2017/3/31,52.38,52.4798,51.885,52.03,1640208,WRK
2017/4/3,51.93,52.36,50.958,51.23,1611546,WRK
2017/4/4,50.94,51.68,50.8,51.55,1316805,WRK
2017/4/5,52.05,52.39,51.5,51.6,1231541,WRK
2017/4/6,51.64,52.2,51.29,51.87,906508,WRK
2017/4/7,51.71,51.8,50.98,51.08,1342753,WRK
2017/4/10,51.14,51.6,50.82,51.19,788436,WRK
2017/4/11,50.9,51.0499,50.36,50.99,869349,WRK
2017/4/12,50.91,51.07,49.69,49.83,1473752,WRK
2017/4/13,49.59,49.9752,49.23,49.34,1329624,WRK
2017/4/17,49.57,50.205,49.51,50.15,1260889,WRK
2017/4/18,49.86,51.12,49.86,50.63,2180740,WRK
2017/4/19,51.83,53.14,51.76,52.9,3405410,WRK
2017/4/20,53.39,53.66,52.99,53.08,1736401,WRK
2017/4/21,53.05,53.48,52.78,53.02,1619962,WRK
2017/4/24,53.71,54.37,53.67,54.02,2196669,WRK
2017/4/25,54.28,54.95,53.93,54.36,2015831,WRK
2017/4/26,55.48,56.32,53.51,53.65,2371674,WRK
2017/4/27,53.52,54.4,53.245,54.29,1879437,WRK
2017/4/28,54.39,54.39,53.37,53.56,1754566,WRK
2017/5/1,53.7,54.47,53.3,54.11,1262099,WRK
2017/5/2,54.11,54.36,53.68,54.19,1129754,WRK
2017/5/3,53.81,54.11,53.55,53.99,1188293,WRK
2017/5/4,54.25,54.52,53.61,54.11,1263566,WRK
2017/5/5,54.53,55.13,54.2369,55.02,1123654,WRK
2017/5/8,54.85,55.14,54.5,54.61,809536,WRK
2017/5/9,54.25,54.802,53.36,53.41,1292370,WRK
2017/5/10,53.42,54.12,53.38,54.11,1247329,WRK
2017/5/11,54.11,54.32,53.43,54.28,905659,WRK
2017/5/12,53.92,54.28,53.23,53.68,1303926,WRK
2017/5/15,54.01,54.47,53.83,54,1240880,WRK
2017/5/16,54.17,54.17,53.34,53.79,1118307,WRK
2017/5/17,52.98,53.14,52.08,52.14,1300820,WRK
2017/5/18,51.87,52.13,51.22,51.59,2447082,WRK
2017/5/19,51.67,52.37,51.61,51.99,1520481,WRK
2017/5/22,52.09,52.58,51.95,52.31,1336563,WRK
2017/5/23,52.44,52.83,52.19,52.7,1020858,WRK
2017/5/24,52.81,54.35,52.76,54.31,1620606,WRK
2017/5/25,54.55,55.4,54.47,55.29,1986870,WRK
2017/5/26,55.26,55.37,54.965,55.15,1423784,WRK
2017/5/30,54.9,55.38,54.765,55.05,1198642,WRK
2017/5/31,55.1,55.13,54.05,54.42,1925699,WRK
2017/6/1,54.4,55.4,54.4,55.27,1144475,WRK
2017/6/2,55.15,55.22,54.79,55.1,1035550,WRK
2017/6/5,55.27,55.27,54.59,54.65,1221128,WRK
2017/6/6,54.18,54.5099,53.97,54.12,963995,WRK
2017/6/7,54.66,56,54.21,55.74,2089884,WRK
2017/6/8,55.67,55.82,55.23,55.46,1389706,WRK
2017/6/9,55.78,57.8,55.6,57.3,1920520,WRK
2017/6/12,57.09,57.86,56.94,57.27,2272953,WRK
2017/6/13,57.43,57.79,57.085,57.48,1100397,WRK
2017/6/14,57.2,57.5,56.35,56.8,936031,WRK
2017/6/15,56.8,57.8,56.37,57.36,1346972,WRK
2017/6/16,57.06,57.5,56.84,57.49,1540718,WRK
2017/6/19,58.07,58.62,57.47,57.95,1373048,WRK
2017/6/20,57.64,57.95,57.18,57.24,1159702,WRK
2017/6/21,57.45,57.45,56.64,56.98,1073968,WRK
2017/6/22,57.31,57.31,56.36,56.85,868236,WRK
2017/6/23,56.97,57.74,56.97,57.31,1575807,WRK
2017/6/26,57.25,57.416,56.8354,57.03,1329706,WRK
2017/6/27,57.1,57.2,56.63,56.72,1187166,WRK
2017/6/28,57.26,57.3,56.36,56.69,1405458,WRK
2017/6/29,56.57,56.945,55.72,56.31,1306880,WRK
2017/6/30,56.69,56.96,56.32,56.66,1442522,WRK
2017/7/3,57.1,57.35,56.69,57.12,368853,WRK
2017/7/5,57.21,57.53,56.985,57.12,794958,WRK
2017/7/6,56.64,57.1,56.37,56.41,806713,WRK
2017/7/7,56.67,57.5,56.56,57.31,1201041,WRK
2017/7/10,57.18,58.62,57.18,58.29,1408318,WRK
2017/7/11,58.05,58.66,57.71,57.87,1178845,WRK
2017/7/12,58.38,59,58.18,58.63,1232996,WRK
2017/7/13,59.17,60.36,59.1,59.69,1640825,WRK
2017/7/14,59.77,60.01,59.27,59.65,1890948,WRK
2017/7/17,59.45,59.83,59.06,59.73,1252871,WRK
2017/7/18,59.73,59.73,58.76,59.12,1041678,WRK
2017/7/19,59.26,59.72,59.16,59.5,804296,WRK
2017/7/20,59.36,59.7,58.47,58.91,860365,WRK
2017/7/21,58.61,59.06,58.44,58.7,857270,WRK
2017/7/24,58.65,59.01,58.43,58.62,1005181,WRK
2017/7/25,58.97,59.2599,58.56,58.83,686767,WRK
2017/7/26,59.02,59.03,58.07,58.15,698767,WRK
2017/7/27,58.37,58.85,57.27,58.72,1381182,WRK
2017/7/28,58.61,58.66,56.66,57.32,1632281,WRK
2017/7/31,57.53,57.64,56.92,57.42,1643745,WRK
2017/8/1,56.92,58.18,56.79,57.33,2080650,WRK
2017/8/2,57.65,57.8,56.58,57.65,1160113,WRK
2017/8/3,58.61,59.73,56.49,56.59,1853902,WRK
2017/8/4,56.92,58.18,56.79,57.33,2080650,WRK
2017/8/7,57.51,57.65,56.73,57.16,2016584,WRK
2017/8/8,56.82,57.41,56.46,56.56,1329846,WRK
2017/8/9,56.14,56.73,55.86,56.14,1104958,WRK
2017/8/10,55.83,56.18,55.19,55.23,1176364,WRK
2017/8/11,55.38,55.76,54.91,55.61,889522,WRK
2017/8/14,56.33,56.92,55.97,56.54,1421059,WRK
2017/8/15,56.59,56.74,56.24,56.31,692761,WRK
2017/8/16,56.86,57.45,56.86,57.3,1042927,WRK
2017/8/17,56.93,57.26,56.03,56.07,836718,WRK
2017/8/18,55.96,56.81,55.55,56.29,1032994,WRK
2017/8/21,56.18,56.18,54.05,54.33,1905085,WRK
2017/8/22,54.37,55.045,54.205,54.83,1340203,WRK
2017/8/23,54.76,54.93,54.26,54.6,936509,WRK
2017/8/24,54.87,55.17,54.47,54.68,1438835,WRK
2017/8/25,54.97,55.39,54.78,55.23,1043536,WRK
2017/8/28,55.65,55.72,54.71,55.17,1553185,WRK
2017/8/29,54.74,55.33,54.51,55.26,821686,WRK
2017/8/30,55.09,56.25,54.945,56.14,998408,WRK
2017/8/31,56.54,57.06,56.45,56.91,1323753,WRK
2017/9/1,57.21,58.05,57.03,57.93,1420972,WRK
2017/9/5,57.99,57.99,56.62,56.84,1821600,WRK
2017/9/6,57.11,57.23,56.13,56.79,1643996,WRK
2017/9/7,56.86,57.035,55.88,56.47,1539910,WRK
2017/9/8,56.49,56.76,56.25,56.47,1314365,WRK
2017/9/11,56.95,58,56.78,57.75,2301523,WRK
2017/9/12,59.02,59.02,57.77,57.97,1123473,WRK
2017/9/13,57.46,57.93,56.75,57.33,1127179,WRK
2017/9/14,57,57.61,56.9,57.42,1349717,WRK
2017/9/15,57.51,57.89,56.93,57.56,1932835,WRK
2017/9/18,57.47,58.23,57.47,57.74,1242083,WRK
2017/9/19,57.74,57.86,57.03,57.34,1506246,WRK
2017/9/20,57.18,58.35,57.18,58.25,1008039,WRK
2017/9/21,58.25,58.35,57.57,57.61,1821376,WRK
2017/9/22,57.51,57.65,55.33,55.67,2338768,WRK
2017/9/25,55.38,55.66,54.67,55.21,1461395,WRK
2017/9/26,55.4,55.95,55.23,55.6,1024821,WRK
2017/9/27,55.94,56.73,55.94,56.33,1844962,WRK
2017/9/28,56.27,57.12,56.241,56.78,1447469,WRK
2017/9/29,56.67,56.92,56.38,56.73,1339486,WRK
2017/10/2,56.96,58.07,56.76,58.07,1515051,WRK
2017/10/3,58.39,58.415,57.79,58.06,1499891,WRK
2017/10/4,58.12,58.28,57.85,58.19,1179416,WRK
2017/10/5,58.49,58.49,57.72,57.89,1109838,WRK
2017/10/6,57.9,58.72,57.68,58.17,2361430,WRK
2017/10/9,58.39,58.54,57.505,58.54,1013407,WRK
2017/10/10,58.84,59.02,58.37,58.97,1641650,WRK
2017/10/11,59.1,59.1,58.15,58.57,1089091,WRK
2017/10/12,58.58,58.99,58.48,58.71,976770,WRK
2017/10/13,58.93,59.11,58.57,58.86,676801,WRK
2017/10/16,58.97,59.18,58.62,59.13,897008,WRK
2017/10/17,59.08,59.65,59.01,59.6,1562749,WRK
2017/10/18,59.9,59.9,59.31,59.6,1428395,WRK
2017/10/19,59.76,60.03,59.16,59.6,1936500,WRK
2017/10/20,59.9,60.54,59.735,60.53,1214109,WRK
2017/10/23,60.8,61.12,60.49,60.76,2299112,WRK
2017/10/24,61.09,61.5,60.43,61.07,2315564,WRK
2017/10/25,61.32,61.32,60.37,61,1490068,WRK
2017/10/26,61.39,61.39,60.44,60.47,1808218,WRK
2017/10/27,60.56,60.86,58.63,60.83,2023945,WRK
2017/10/30,60.55,61.09,60.2375,60.32,1026100,WRK
2017/10/31,60.75,61.35,60.14,61.33,1861892,WRK
2017/11/1,61.33,61.6,60.83,61.33,2422454,WRK
2017/11/2,61.21,61.22,59.21,59.82,2129574,WRK
2017/11/3,59.85,60.05,59,59.95,1617658,WRK
2017/11/6,59.99,60.42,58.36,59.27,2238810,WRK
2017/11/7,59.45,59.52,58.54,58.95,1187422,WRK
2017/11/8,58.9,59.35,58.45,59.34,1146681,WRK
2017/11/9,58.74,59.53,58.49,59.03,1855309,WRK
2017/11/10,59.02,59.12,58.44,58.66,1185795,WRK
2017/11/13,58.51,58.89,58.18,58.84,1320390,WRK
2017/11/14,58.73,59.22,58.2,58.66,1389585,WRK
2017/11/15,58.54,59.18,58.14,58.76,1281099,WRK
2017/11/16,59.23,59.55,58.59,59.15,1577926,WRK
2017/11/17,58.93,59.72,58.53,59.5,1192507,WRK
2017/11/20,59.32,59.32,58.44,58.45,1313645,WRK
2017/11/21,58.79,59.15,58.56,58.66,1329358,WRK
2017/11/22,59.06,59.06,58.64,58.79,850956,WRK
2017/11/24,59.21,59.38,58.66,58.86,350754,WRK
2017/11/27,59.11,59.11,58.45,58.69,1090410,WRK
2017/11/28,58.96,59.36,58.67,59.28,957645,WRK
2017/11/29,59.23,60.47,59.01,60.26,953783,WRK
2017/11/30,60.52,62.61,60.415,62.41,2371421,WRK
2017/12/1,62.27,62.54,60.54,62.4,2293892,WRK
2017/12/4,62.82,63.63,62.5326,63.47,1747873,WRK
2017/12/5,63.58,63.63,63.01,63.31,1675417,WRK
2017/12/6,63.23,63.55,62.95,63.42,1336315,WRK
2017/12/7,63.5,63.76,63.1759,63.56,1279739,WRK
2017/12/8,64,64.76,63.705,64.42,1670979,WRK
2017/12/11,64.45,64.74,63.97,64.42,2141721,WRK
2017/12/12,64.66,64.87,63.8,63.94,1525742,WRK
2017/12/13,64,64.48,63.95,64.3,1523811,WRK
2017/12/14,64.41,64.62,62.55,62.55,2113744,WRK
2017/12/15,64,64.1,62.64,63.11,5030234,WRK
2017/12/18,63.7,64.09,63.5,63.86,1467443,WRK
2017/12/19,64.05,64.19,63.15,63.4,1410943,WRK
2017/12/20,63.56,63.83,63.1,63.73,1144716,WRK
2017/12/21,63.89,64.24,63.74,63.84,932905,WRK
2017/12/22,63.685,63.9625,63.16,63.73,868723,WRK
2017/12/26,63.84,64.14,63.15,63.25,664687,WRK
2017/12/27,63.3,63.49,62.96,63.08,817235,WRK
2017/12/28,63.23,63.27,62.74,63.2,1190990,WRK
2017/12/29,63.3,63.66,62.85,63.21,1142925,WRK
2018/1/2,63.65,64.8,63.41,64.71,2236280,WRK
2018/1/3,64.96,66,64.75,65.4,2139894,WRK
2018/1/4,65.68,67.24,65.5,67.04,2195797,WRK
2018/1/5,67.25,67.82,66.84,67.31,1962013,WRK
2018/1/8,67.39,68.29,67.13,67.76,2040743,WRK
2018/1/9,67.58,68.1,67.26,67.4,2250275,WRK
2018/1/10,67.52,67.72,67.05,67.41,1378607,WRK
2018/1/11,67.74,68.26,67.22,68.26,1335220,WRK
2018/1/12,68.71,69.29,68.11,69.2,1580890,WRK
2018/1/16,69.41,69.97,68.39,68.69,1602405,WRK
2018/1/17,69.19,69.5,68.75,69.27,1461614,WRK
2018/1/18,69.14,69.39,67.87,68.03,2306338,WRK
2018/1/19,68.28,69.3,68.18,69.16,1436388,WRK
2018/1/22,69.25,69.355,68.26,68.78,1413300,WRK
2018/1/23,68.83,68.83,68.1,68.41,2125917,WRK
2018/1/24,68.39,69.31,68.39,68.75,1248564,WRK
2018/1/25,68.96,69.68,68.43,69.09,1130003,WRK
2018/1/26,69.83,71.55,69.16,70.27,1891377,WRK
2018/1/29,70.4,70.643,67.93,68.41,5584286,WRK
2018/1/30,67.83,69.4708,67.83,68.16,3750744,WRK
2018/1/31,68.44,68.44,66.09,66.63,3950306,WRK
2018/2/1,65.18,66.95,65.18,66.28,2062510,WRK
2018/2/2,66.01,67.54,65.885,67.24,2711178,WRK
2018/2/5,66.97,66.97,63.77,63.96,3116866,WRK
2018/2/6,62.98,64.62,62.001,64.55,3195188,WRK
2018/2/7,64.39,65.94,64.14,64.42,2440702,WRK
2013/2/8,14.65,14.825,14.61,14.66,7731572,WU
2013/2/11,14.66,14.69,14.23,14.25,15484886,WU
2013/2/12,14.17,14.41,14.1105,14.34,11962041,WU
2013/2/13,13.93,14.52,13.82,14.17,23619015,WU
2013/2/14,14.34,14.45,14.09,14.14,15849866,WU
2013/2/15,14.19,14.505,14.16,14.4,12393640,WU
2013/2/19,14.45,14.47,14.19,14.25,10895608,WU
2013/2/20,14.25,14.27,13.9,14,12135306,WU
2013/2/21,13.92,14.05,13.84,13.9,8890233,WU
2013/2/22,14.04,14.09,13.98,14.02,6599812,WU
2013/2/25,14.09,14.15,13.81,13.82,11010755,WU
2013/2/26,13.85,14.13,13.8,14,10566452,WU
2013/2/27,13.98,14.23,13.97,14.18,6701866,WU
2013/2/28,14.2,14.31,14.03,14.03,10190529,WU
2013/3/1,13.96,14.31,13.915,14.26,20657957,WU
2013/3/4,14.24,14.25,13.93,14.09,9307275,WU
2013/3/5,14.13,14.38,14.065,14.27,8403211,WU
2013/3/6,14.33,14.52,14.29,14.43,6823489,WU
2013/3/7,14.44,14.67,14.23,14.4,9567626,WU
2013/3/8,14.46,14.65,14.38,14.63,11216857,WU
2013/3/11,14.58,14.745,14.43,14.57,13903353,WU
2013/3/12,14.5,14.615,14.33,14.5,16309692,WU
2013/3/13,14.42,14.575,14.32,14.53,8238890,WU
2013/3/14,14.54,14.74,14.475,14.55,7047252,WU
2013/3/15,14.5,14.74,14.47,14.67,13327141,WU
2013/3/18,14.58,14.76,14.53,14.67,7406634,WU
2013/3/19,14.71,14.765,14.42,14.57,7503988,WU
2013/3/20,14.69,14.8,14.48,14.49,8416295,WU
2013/3/21,14.41,14.62,14.33,14.49,8780594,WU
2013/3/22,14.54,14.75,14.48,14.64,6377870,WU
2013/3/25,14.71,14.71,14.5,14.66,7760195,WU
2013/3/26,14.68,14.86,14.58,14.82,5907238,WU
2013/3/27,14.77,14.975,14.75,14.88,6788799,WU
2013/3/28,14.93,15.05,14.82,15.04,7010834,WU
2013/4/1,15.05,15.14,14.63,14.66,10812058,WU
2013/4/2,14.66,14.85,14.59,14.84,6176625,WU
2013/4/3,14.88,14.95,14.49,14.73,7752599,WU
2013/4/4,14.73,14.75,14.62,14.68,3346491,WU
2013/4/5,14.56,14.56,14.25,14.32,8745833,WU
2013/4/8,14.39,14.51,14.24,14.45,5403152,WU
2013/4/9,14.48,14.82,14.46,14.8,8566188,WU
2013/4/10,14.81,15.06,14.81,15.01,6254802,WU
2013/4/11,15.02,15.165,14.95,15.13,5351024,WU
2013/4/12,15.01,15.09,14.85,15.04,5244231,WU
2013/4/15,15,15,14.7,14.83,9528577,WU
2013/4/16,14.95,15.045,14.82,15,7528686,WU
2013/4/17,15.02,15.02,14.56,14.68,7003857,WU
2013/4/18,14.7,14.76,14.5,14.51,4585304,WU
2013/4/19,14.58,14.58,14.34,14.47,5466442,WU
2013/4/22,14.47,14.56,14.25,14.47,7655400,WU
2013/4/23,14.3301,14.62,14.3301,14.6,11891291,WU
2013/4/24,14.65,14.72,14.46,14.57,9730275,WU
2013/4/25,14.63,14.77,14.57,14.68,8344930,WU
2013/4/26,14.71,14.71,14.56,14.58,8565162,WU
2013/4/29,14.63,14.7,14.54,14.64,7580513,WU
2013/4/30,14.66,15,14.5,14.81,12920792,WU
2013/5/1,14.615,15.785,14.54,15.64,19555283,WU
2013/5/2,15.645,15.695,15.13,15.53,8660762,WU
2013/5/3,15.6,15.759,15.57,15.64,4574947,WU
2013/5/6,15.61,15.8,15.52,15.73,5533891,WU
2013/5/7,15.75,15.825,15.6,15.74,3943199,WU
2013/5/8,15.66,15.79,15.47,15.79,7176321,WU
2013/5/9,15.74,16.12,15.72,16.1,8584746,WU
2013/5/10,16.14,16.23,15.79,15.99,5589960,WU
2013/5/13,16.47,16.47,16.05,16.21,7496368,WU
2013/5/14,16.23,16.3999,16.12,16.37,5218194,WU
2013/5/15,16.42,16.55,16.38,16.53,4944564,WU
2013/5/16,16.5,16.61,16.35,16.42,5737715,WU
2013/5/17,16.42,16.75,16.39,16.65,7635217,WU
2013/5/20,16.67,16.695,16.5,16.62,6119449,WU
2013/5/21,16.61,16.72,16.55,16.61,3882771,WU
2013/5/22,16.61,16.85,16.6,16.71,9019379,WU
2013/5/23,16.58,16.71,16.415,16.47,6101912,WU
2013/5/24,16.41,16.46,16.32,16.45,3697510,WU
2013/5/28,16.6,16.69,16.385,16.41,5863958,WU
2013/5/29,16.31,16.44,16.22,16.37,5165709,WU
2013/5/30,16.37,16.575,16.35,16.46,3114809,WU
2013/5/31,16.42,16.59,16.37,16.38,5857183,WU
2013/6/3,16.4,16.44,16.16,16.43,5058359,WU
2013/6/4,16.43,16.58,16.31,16.36,4267523,WU
2013/6/5,16.31,16.47,16.12,16.12,4388315,WU
2013/6/6,16.09,16.45,16.06,16.45,4478351,WU
2013/6/7,16.52,16.685,16.44,16.65,3006829,WU
2013/6/10,16.82,16.91,16.7495,16.79,4464490,WU
2013/6/11,16.65,16.81,16.57,16.66,5808360,WU
2013/6/12,16.68,16.68,16.5,16.54,7182279,WU
2013/6/13,16.53,17.16,16.47,16.89,6599411,WU
2013/6/14,16.92,17.09,16.79,17.02,5885986,WU
2013/6/17,17.09,17.14,16.83,16.94,6242349,WU
2013/6/18,16.98,17.13,16.97,17.13,5569674,WU
2013/6/19,17.15,17.23,16.81,16.83,5421017,WU
2013/6/20,16.67,16.755,16.415,16.48,7208390,WU
2013/6/21,16.59,16.705,16.45,16.58,11388245,WU
2013/6/24,16.47,16.497,16.24,16.38,6269879,WU
2013/6/25,16.44,16.64,16.39,16.53,5150785,WU
2013/6/26,16.65,16.89,16.57,16.87,7244905,WU
2013/6/27,17,17.11,16.92,16.95,4921973,WU
2013/6/28,16.86,17.19,16.73,17.11,7325941,WU
2013/7/1,17.17,17.295,17.11,17.12,4311644,WU
2013/7/2,17.13,17.18,16.63,16.8,5894287,WU
2013/7/3,16.7,16.94,16.69,16.92,2194666,WU
2013/7/5,17.01,17.06,16.9,17.04,4076929,WU
2013/7/8,17.12,17.2,17.07,17.19,3270648,WU
2013/7/9,17.26,17.35,17.09,17.21,3960006,WU
2013/7/10,17.19,17.335,16.95,17.33,7536641,WU
2013/7/11,17.45,17.46,17.24,17.41,6810531,WU
2013/7/12,17.42,17.48,17.32,17.47,5938010,WU
2013/7/15,17.47,17.72,17.44,17.47,7158550,WU
2013/7/16,17.51,17.55,17.38,17.4,6179543,WU
2013/7/17,17.45,17.45,17.28,17.43,4847223,WU
2013/7/18,17.43,17.61,17.37,17.41,4244504,WU
2013/7/19,17.35,17.4,17.01,17.32,6558224,WU
2013/7/22,17.33,17.6,17.29,17.45,7315171,WU
2013/7/23,17.45,17.47,17.35,17.38,3803680,WU
2013/7/24,17.47,17.56,17.36,17.44,5990941,WU
2013/7/25,17.31,17.4,17.13,17.16,5927400,WU
2013/7/26,17.1,17.16,16.85,16.96,7389189,WU
2013/7/29,16.96,17.07,16.9,16.98,7325994,WU
2013/7/30,17.53,18.6,17.3,17.75,19775917,WU
2013/7/31,17.86,18.275,17.86,17.96,17460217,WU
2013/8/1,18.1,18.43,18.08,18.15,11825051,WU
2013/8/2,18.16,18.33,18.0725,18.31,4122480,WU
2013/8/5,18.23,18.38,18.16,18.3,3973459,WU
2013/8/6,18.3,18.41,18.22,18.39,3523678,WU
2013/8/7,18.32,18.32,18.12,18.31,2423350,WU
2013/8/8,18.4,18.5,18.2,18.36,3400120,WU
2013/8/9,18.34,18.57,18.29,18.46,3008409,WU
2013/8/12,18.42,18.56,18.351,18.45,2832023,WU
2013/8/13,18.45,18.7,18.4,18.65,3066967,WU
2013/8/14,18.17,18.47,18.15,18.45,4381486,WU
2013/8/15,18.27,18.37,18.18,18.2,4351152,WU
2013/8/16,18.14,18.4,18.0799,18.25,4486672,WU
2013/8/19,18.2,18.28,17.78,17.8,5142415,WU
2013/8/20,17.83,18.15,17.8,18.05,7630328,WU
2013/8/21,17.99,18.105,17.82,17.85,3260596,WU
2013/8/22,17.87,18.22,17.84,18.18,2895703,WU
2013/8/23,18.27,18.34,18.155,18.3,3696442,WU
2013/8/26,18.28,18.39,18.205,18.22,2159369,WU
2013/8/27,18,18.03,17.65,17.65,4073032,WU
2013/8/28,17.65,17.92,17.65,17.79,3263446,WU
2013/8/29,17.74,18,17.74,17.87,2810537,WU
2013/8/30,17.87,17.87,17.45,17.53,3680142,WU
2013/9/3,17.77,17.87,17.44,17.53,3983658,WU
2013/9/4,17.53,17.82,17.5,17.8,3197515,WU
2013/9/5,17.77,18.08,17.77,18.03,4572672,WU
2013/9/6,18.09,18.23,17.78,18.06,5567891,WU
2013/9/9,18.13,18.42,18.12,18.35,4102062,WU
2013/9/10,18.43,18.62,18.41,18.56,4705701,WU
2013/9/11,18.55,18.93,18.55,18.9,6166812,WU
2013/9/12,18.76,18.83,18.48,18.5,5190950,WU
2013/9/13,18.53,18.645,18.3732,18.41,3341331,WU
2013/9/16,18.74,18.98,18.65,18.74,6152901,WU
2013/9/17,18.72,18.86,18.7,18.83,3499690,WU
2013/9/18,18.83,18.91,18.6,18.86,3159004,WU
2013/9/19,18.84,19.11,18.77,18.84,3613724,WU
2013/9/20,18.87,18.89,18.63,18.64,3323290,WU
2013/9/23,18.68,18.735,18.51,18.64,3390183,WU
2013/9/24,18.68,18.815,18.52,18.72,3746096,WU
2013/9/25,18.68,18.86,18.47,18.51,6234964,WU
2013/9/26,18.52,18.67,18.48,18.6,4627443,WU
2013/9/27,18.52,18.67,18.44,18.64,4609231,WU
2013/9/30,18.52,18.72,18.48,18.66,4262743,WU
2013/10/1,18.66,18.79,18.61,18.7,5659778,WU
2013/10/2,18.65,18.85,18.62,18.69,7641134,WU
2013/10/3,18.61,18.76,18.4,18.65,7382088,WU
2013/10/4,18.61,18.85,18.42,18.78,6098115,WU
2013/10/7,18.62,18.67,18.47,18.5,5216477,WU
2013/10/8,18.53,18.58,18.19,18.23,6277657,WU
2013/10/9,18.21,18.3,17.81,17.95,8431669,WU
2013/10/10,18.12,18.38,18.11,18.38,3916118,WU
2013/10/11,18.35,18.55,18.35,18.41,4123100,WU
2013/10/14,18.38,18.72,18.345,18.68,3877693,WU
2013/10/15,18.68,18.73,18.37,18.52,5469932,WU
2013/10/16,18.66,18.67,18.35,18.59,5173933,WU
2013/10/17,18.53,18.56,18.21,18.31,6667806,WU
2013/10/18,18.3,18.7,18.29,18.66,8200276,WU
2013/10/21,18.7,18.94,18.7,18.93,7778450,WU
2013/10/22,18.98,19.22,18.94,19.14,5162736,WU
2013/10/23,19.07,19.29,18.9,19.25,6919865,WU
2013/10/24,19.17,19.44,19.16,19.37,5005528,WU
2013/10/25,19.42,19.42,19.09,19.29,4035334,WU
2013/10/28,19.32,19.5,19.2,19.3,6989665,WU
2013/10/29,19.34,19.37,19.16,19.24,6835394,WU
2013/10/30,15.73,17.29,15.51,16.85,55177204,WU
2013/10/31,16.99,17.06,16.72,17.02,17236734,WU
2013/11/1,17.09,17.72,17.09,17.48,11960312,WU
2013/11/4,17.54,17.76,17.2,17.24,7722928,WU
2013/11/5,17.18,17.365,16.96,17.27,6748820,WU
2013/11/6,17.28,17.39,17.18,17.24,8103405,WU
2013/11/7,17.31,17.44,17.18,17.39,9851096,WU
2013/11/8,17.37,17.5,17.11,17.21,9907989,WU
2013/11/11,17.21,17.31,17.1,17.25,3907779,WU
2013/11/12,17.53,17.54,17.3,17.48,5479146,WU
2013/11/13,17.45,17.6,17.4,17.51,6128466,WU
2013/11/14,17.56,17.61,17.35,17.45,4517037,WU
2013/11/15,17.43,17.45,16.22,16.7,29228816,WU
2013/11/18,16.83,16.94,16.58,16.72,11257349,WU
2013/11/19,16.78,16.82,16.56,16.59,11439918,WU
2013/11/20,16.65,16.78,16.38,16.4,7455453,WU
2013/11/21,16.47,16.77,16.35,16.66,11430054,WU
2013/11/22,16.73,16.89,16.64,16.84,7468251,WU
2013/11/25,16.84,16.85,16.65,16.67,5944114,WU
2013/11/26,16.675,16.88,16.67,16.79,5411365,WU
2013/11/27,16.73,16.94,16.66,16.82,4754396,WU
2013/11/29,16.79,16.94,16.64,16.67,2851327,WU
2013/12/2,16.74,16.9,16.61,16.69,6431496,WU
2013/12/3,16.64,16.93,16.6,16.87,9894359,WU
2013/12/4,16.76,16.92,16.605,16.68,10734026,WU
2013/12/5,16.64,16.67,16.42,16.44,9657189,WU
2013/12/6,16.55,16.79,16.48,16.77,4676385,WU
2013/12/9,16.78,16.855,16.65,16.71,3542602,WU
2013/12/10,16.69,16.92,16.69,16.81,4382066,WU
2013/12/11,16.82,16.855,16.51,16.58,7613423,WU
2013/12/12,16.52,16.85,16.46,16.76,6114997,WU
2013/12/13,16.61,16.635,16.29,16.37,8555726,WU
2013/12/16,16.47,16.5953,16.42,16.46,3222149,WU
2013/12/17,16.46,16.57,16.38,16.47,3390080,WU
2013/12/18,16.77,17,16.61,17,7213172,WU
2013/12/19,16.71,17.07,16.67,16.88,6948164,WU
2013/12/20,16.89,17.11,16.55,17.01,7486494,WU
2013/12/23,17.13,17.14,16.955,17.08,2875786,WU
2013/12/24,17.07,17.19,16.95,17.18,1382660,WU
2013/12/26,17.23,17.31,17.03,17.24,4156360,WU
2013/12/27,17.26,17.35,17.131,17.2,1977971,WU
2013/12/30,17.25,17.295,17.08,17.24,3066269,WU
2013/12/31,17.25,17.36,17.1,17.25,2882851,WU
2014/1/2,17.22,17.25,16.96,17.03,5537982,WU
2014/1/3,17.07,17.15,16.85,16.92,4222455,WU
2014/1/6,16.99,17.14,16.92,17.06,5361624,WU
2014/1/7,17.07,17.55,17.04,17.44,9793838,WU
2014/1/8,17.57,17.83,17.35,17.42,10439031,WU
2014/1/9,17.51,17.55,17.035,17.06,7009207,WU
2014/1/10,17.12,17.14,16.7,16.77,7206794,WU
2014/1/13,16.78,16.83,16.375,16.38,6357759,WU
2014/1/14,16.24,16.545,16.19,16.52,11767347,WU
2014/1/15,16.47,16.77,16.33,16.69,8023259,WU
2014/1/16,16.72,16.77,16.61,16.72,4738836,WU
2014/1/17,16.71,16.98,16.41,16.45,5789095,WU
2014/1/21,16.51,16.51,16.13,16.17,6706294,WU
2014/1/22,16.19,16.35,16.08,16.31,5435366,WU
2014/1/23,16.21,16.21,16.04,16.12,5925278,WU
2014/1/24,16.06,16.09,15.74,15.74,7749007,WU
2014/1/27,15.775,15.83,15.29,15.5,7142155,WU
2014/1/28,15.59,15.99,15.55,15.9,7741248,WU
2014/1/29,15.71,15.825,15.485,15.53,7500809,WU
2014/1/30,15.71,15.77,15.58,15.67,5196894,WU
2014/1/31,15.47,15.62,15.38,15.4,6108474,WU
2014/2/3,15.43,15.51,15.14,15.15,9357723,WU
2014/2/4,15.18,15.29,15.09,15.23,14640492,WU
2014/2/5,15.17,15.275,15,15.21,10332467,WU
2014/2/6,15.25,15.43,15.2,15.31,6574814,WU
2014/2/7,15.37,15.66,15.34,15.63,5133019,WU
2014/2/10,15.61,15.74,15.5,15.64,4808124,WU
2014/2/11,15.61,16.015,15.6,15.88,10367321,WU
2014/2/12,16.5,16.99,16.15,16.34,17927968,WU
2014/2/13,16.17,16.27,16.09,16.12,7859125,WU
2014/2/14,16.14,16.32,16.07,16.26,4820805,WU
2014/2/18,16.29,16.41,16.18,16.22,5930653,WU
2014/2/19,16.18,16.31,16.02,16.05,7829194,WU
2014/2/20,16.11,16.14,15.86,15.99,5271683,WU
2014/2/21,16.03,16.18,15.95,16.04,4932401,WU
2014/2/24,16.05,16.52,16.05,16.35,6339448,WU
2014/2/25,16.27,16.29,15.88,16.12,8998343,WU
2014/2/26,16.18,16.53,16.18,16.39,7911508,WU
2014/2/27,16.21,16.64,16.1,16.61,7703291,WU
2014/2/28,16.75,16.83,16.59,16.73,9020750,WU
2014/3/3,16.54,16.695,16.42,16.59,11050653,WU
2014/3/4,16.77,16.83,16.66,16.76,5272405,WU
2014/3/5,16.75,16.94,16.73,16.86,5407727,WU
2014/3/6,16.91,16.98,16.78,16.79,4708095,WU
2014/3/7,16.9,17.08,16.7,16.72,8947493,WU
2014/3/10,16.71,16.88,16.68,16.74,4980406,WU
2014/3/11,16.76,17.07,16.75,16.84,8210237,WU
2014/3/12,16.75,16.81,16.58,16.65,4503145,WU
2014/3/13,16.54,16.54,16.03,16.07,8101809,WU
2014/3/14,16.1,16.25,15.81,15.93,9035036,WU
2014/3/17,16.11,16.28,15.97,16.23,4207909,WU
2014/3/18,16.21,16.44,16.16,16.44,3466660,WU
2014/3/19,16.48,16.55,16.21,16.32,4106027,WU
2014/3/20,16.24,16.5,16.2,16.5,3193277,WU
2014/3/21,16.52,16.53,16.15,16.2,7002142,WU
2014/3/24,16.3,16.52,16.18,16.45,6130868,WU
2014/3/25,16.57,16.6,16.28,16.35,4927515,WU
2014/3/26,16.43,16.54,15.98,16,4770429,WU
2014/3/27,15.88,16.38,15.855,16.33,5304981,WU
2014/3/28,16.38,16.45,16.17,16.21,3707294,WU
2014/3/31,16.27,16.42,16.26,16.36,3519836,WU
2014/4/1,16.41,16.79,16.38,16.77,4967536,WU
2014/4/2,16.76,16.91,16.655,16.79,4104899,WU
2014/4/3,16.65,16.84,16.485,16.53,5978419,WU
2014/4/4,16.6,16.68,16.35,16.38,7892831,WU
2014/4/7,16.37,16.39,15.86,16.01,8265406,WU
2014/4/8,16.04,16.14,15.965,16.12,7887136,WU
2014/4/9,16.22,16.52,16.22,16.4,7722075,WU
2014/4/10,16.43,16.66,16,16.05,10845736,WU
2014/4/11,15.96,16.12,15.78,15.79,12921170,WU
2014/4/14,15.86,15.99,15.685,15.84,5578238,WU
2014/4/15,15.9,16.01,15.53,15.75,8352400,WU
2014/4/16,15.91,16.06,15.75,16.05,8542865,WU
2014/4/17,14.65,15.52,14.6,15.25,19583286,WU
2014/4/21,15.3,15.51,15.3,15.49,8077790,WU
2014/4/22,15.57,15.71,15.53,15.66,5822452,WU
2014/4/23,15.61,15.8,15.54,15.74,4237261,WU
2014/4/24,15.79,15.86,15.62,15.81,4098371,WU
2014/4/25,15.69,15.73,15.55,15.55,4623135,WU
2014/4/28,15.66,15.71,15.46,15.63,5534136,WU
2014/4/29,15.7,15.785,15.47,15.65,3460604,WU
2014/4/30,15.67,15.9,15.61,15.87,5443189,WU
2014/5/1,15.92,16.05,15.785,15.85,7073006,WU
2014/5/2,16.38,16.45,16.07,16.31,9113105,WU
2014/5/5,16.18,16.38,16.06,16.27,6571881,WU
2014/5/6,16.22,16.36,16.11,16.13,5397634,WU
2014/5/7,16.2,16.27,15.95,16.27,7529707,WU
2014/5/8,16.24,16.55,16.17,16.25,4263191,WU
2014/5/9,16.24,16.37,16.19,16.35,2757396,WU
2014/5/12,16.4,16.57,16.35,16.49,3675418,WU
2014/5/13,16.5,16.54,16.02,16.38,3765431,WU
2014/5/14,16.41,16.42,15.99,16,5829914,WU
2014/5/15,16.02,16.08,15.88,16.03,3660619,WU
2014/5/16,15.9,15.92,15.74,15.9,4092715,WU
2014/5/19,15.85,16.06,15.82,16.04,2867113,WU
2014/5/20,16.06,16.11,15.69,15.72,5328742,WU
2014/5/21,15.81,15.87,15.58,15.62,8655241,WU
2014/5/22,15.61,15.76,15.5575,15.74,8469155,WU
2014/5/23,15.76,15.8,15.6578,15.77,4659576,WU
2014/5/27,15.82,15.9,15.69,15.78,5904209,WU
2014/5/28,15.8,15.95,15.77,15.87,4952834,WU
2014/5/29,15.95,16.03,15.9,16.03,6100853,WU
2014/5/30,16.06,16.19,16.02,16.17,7248231,WU
2014/6/2,16.2,16.21,15.98,16.02,5916684,WU
2014/6/3,15.95,16,15.845,15.96,3550599,WU
2014/6/4,15.94,16.33,15.895,16.26,7268069,WU
2014/6/5,16.26,16.27,16.08,16.25,5548872,WU
2014/6/6,16.32,16.4125,16.19,16.26,4418842,WU
2014/6/9,16.29,16.5477,16.28,16.46,6695593,WU
2014/6/10,16.44,16.5474,16.32,16.53,5172686,WU
2014/6/11,16.5,16.529,16.3,16.35,3989372,WU
2014/6/12,16.27,16.27,15.95,15.98,3731662,WU
2014/6/13,16.04,16.13,16,16.09,2690062,WU
2014/6/16,16.05,16.15,15.99,16,2497881,WU
2014/6/17,15.94,16.33,15.94,16.26,4156797,WU
2014/6/18,16.25,16.42,16.09,16.4,5698505,WU
2014/6/19,16.43,16.51,16.32,16.37,3846779,WU
2014/6/20,16.42,16.59,16.36,16.52,6705803,WU
2014/6/23,16.5,16.73,16.45,16.7,3975273,WU
2014/6/24,16.69,16.89,16.59,16.7,5629793,WU
2014/6/25,16.65,16.79,16.58,16.78,4778726,WU
2014/6/26,16.77,17.03,16.725,17,10498051,WU
2014/6/27,16.97,17.3,16.93,17.25,18105371,WU
2014/6/30,17.25,17.38,17.2,17.34,8593870,WU
2014/7/1,17.38,17.44,17.275,17.38,4794764,WU
2014/7/2,17.41,17.49,17.24,17.31,4907929,WU
2014/7/3,17.32,17.41,17.27,17.39,1376632,WU
2014/7/7,17.4,17.46,17.3,17.46,3915786,WU
2014/7/8,17.28,17.47,17.24,17.33,7721067,WU
2014/7/9,17.35,17.5,17.32,17.39,3906280,WU
2014/7/10,17.19,17.36,17.15,17.3,3809714,WU
2014/7/11,17.32,17.77,17.26,17.73,9453814,WU
2014/7/14,17.81,17.81,17.46,17.46,4156957,WU
2014/7/15,17.43,17.46,17.21,17.28,7726688,WU
2014/7/16,17.42,17.635,17.37,17.57,6684887,WU
2014/7/17,17.4,17.54,17.33,17.52,3047811,WU
2014/7/18,17.4,17.54,17.33,17.52,3047811,WU
2014/7/21,17.49,17.54,17.4,17.52,2688382,WU
2014/7/22,17.55,17.69,17.51,17.59,2709078,WU
2014/7/23,17.64,17.69,17.5,17.62,2895246,WU
2014/7/24,17.69,17.7599,17.62,17.71,3570630,WU
2014/7/25,17.66,17.66,17.46,17.52,2518011,WU
2014/7/28,17.52,17.62,17.4202,17.57,3173352,WU
2014/7/29,17.53,17.64,17.475,17.51,3750839,WU
2014/7/30,17.54,17.765,17.52,17.67,4800690,WU
2014/7/31,17.62,17.7,17.42,17.47,6411328,WU
2014/8/1,16.85,17.09,16.69,17.02,11033120,WU
2014/8/4,16.85,17.09,16.69,17.02,11033120,WU
2014/8/5,16.9,17.07,16.81,16.91,5104240,WU
2014/8/6,16.84,17.07,16.84,17.01,4917512,WU
2014/8/7,17.04,17.08,16.68,16.9,9447659,WU
2014/8/8,16.94,17.2,16.81,17,12128682,WU
2014/8/11,17.05,17.28,17,17.2,5904823,WU
2014/8/12,17.15,17.26,17.01,17.1,3223802,WU
2014/8/13,17.22,17.41,17.17,17.41,3498445,WU
2014/8/14,17.42,17.45,17.24,17.35,2491089,WU
2014/8/15,17.41,17.445,17.21,17.33,3300326,WU
2014/8/18,17.41,17.585,17.4,17.54,3369234,WU
2014/8/19,17.54,17.63,17.52,17.56,3212784,WU
2014/8/20,17.56,17.7,17.5,17.67,3291765,WU
2014/8/21,17.72,17.8,17.6,17.74,2959398,WU
2014/8/22,17.62,17.68,17.45,17.5,4846514,WU
2014/8/25,17.59,17.6,17.4,17.48,4006166,WU
2014/8/26,17.53,17.59,17.5,17.53,6018633,WU
2014/8/27,17.56,17.56,17.475,17.53,2848822,WU
2014/8/28,17.49,17.56,17.46,17.49,4241264,WU
2014/8/29,17.5,17.53,17.44,17.47,4009852,WU
2014/9/2,17.49,17.55,17.38,17.46,6059660,WU
2014/9/3,17.49,17.57,17.43,17.49,5904158,WU
2014/9/4,17.48,17.53,17.3801,17.48,4290524,WU
2014/9/5,17.46,17.55,17.36,17.54,3679916,WU
2014/9/8,17.43,17.54,17.28,17.32,3597837,WU
2014/9/9,17.33,17.34,17.07,17.07,4918891,WU
2014/9/10,17.13,17.26,17.04,17.22,3310313,WU
2014/9/11,17.05,17.1,16.85,16.89,4592775,WU
2014/9/12,16.88,16.955,16.74,16.78,4756336,WU
2014/9/15,16.77,16.89,16.68,16.82,2660115,WU
2014/9/16,16.74,16.77,16.57,16.73,4440148,WU
2014/9/17,16.7,17.05,16.64,16.95,6258015,WU
2014/9/18,17,17.07,16.56,16.85,7323207,WU
2014/9/19,16.84,16.88,16.62,16.72,5541911,WU
2014/9/22,16.72,16.76,16.48,16.49,3126285,WU
2014/9/23,16.44,16.48,16.23,16.26,5132372,WU
2014/9/24,16.25,16.45,16.22,16.43,3462077,WU
2014/9/25,16.37,16.42,16.24,16.24,4037509,WU
2014/9/26,16.24,16.39,16.195,16.35,2355341,WU
2014/9/29,16.19,16.27,16.13,16.17,3419898,WU
2014/9/30,16.12,16.17,15.97,16.04,4556416,WU
2014/10/1,16,16.11,15.8,15.93,6521456,WU
2014/10/2,15.87,16.12,15.77,16.09,6172966,WU
2014/10/3,16.21,16.26,16.13,16.24,4143258,WU
2014/10/6,16.26,16.46,16.19,16.25,4060220,WU
2014/10/7,16.16,16.22,15.97,15.99,6851271,WU
2014/10/8,15.98,16.35,15.93,16.33,5279642,WU
2014/10/9,16.33,16.33,15.75,15.81,5181500,WU
2014/10/10,15.8,16.45,15.605,15.67,6488466,WU
2014/10/13,15.65,15.7564,15.425,15.49,5264075,WU
2014/10/14,15.59,15.88,15.47,15.71,5058691,WU
2014/10/15,15.46,15.91,15.315,15.84,7081050,WU
2014/10/16,15.55,15.87,15.55,15.84,5129514,WU
2014/10/17,15.96,16.125,15.765,15.91,4030803,WU
2014/10/20,15.84,16.16,15.81,16.15,5807919,WU
2014/10/21,16.2,16.56,16.16,16.55,5769121,WU
2014/10/22,16.55,16.63,16.2,16.22,6819054,WU
2014/10/23,16.36,16.49,16.35,16.41,6472229,WU
2014/10/24,16.39,16.49,16.31,16.47,3622364,WU
2014/10/27,16.49,16.49,16.28,16.35,3113199,WU
2014/10/28,16.4,16.48,16.32,16.48,6306369,WU
2014/10/29,16.52,16.55,16.29,16.43,4820646,WU
2014/10/30,18.25,18.55,18.14,18.39,6146784,WU
2014/10/31,17.3,17.33,16.9,16.96,15232884,WU
2014/11/3,16.99,17.52,16.94,17.1,12452649,WU
2014/11/4,17.09,17.29,17.07,17.18,8115579,WU
2014/11/5,17.26,17.55,17.23,17.54,6528291,WU
2014/11/6,17.55,17.99,17.541,17.95,8247190,WU
2014/11/7,17.93,18.13,17.77,17.88,7577472,WU
2014/11/10,17.92,18.28,17.89,18.28,8150579,WU
2014/11/11,18.3,18.38,18.19,18.31,6263550,WU
2014/11/12,18.25,18.55,18.14,18.39,6164673,WU
2014/11/13,18.46,18.48,17.98,18.13,8679395,WU
2014/11/14,18.11,18.18,18.05,18.11,5354749,WU
2014/11/17,18.08,18.23,17.95,18.2,4806069,WU
2014/11/18,18.22,18.39,18.12,18.13,5182631,WU
2014/11/19,18.15,18.43,18.08,18.21,7459114,WU
2014/11/20,18.18,18.42,18.16,18.28,4630367,WU
2014/11/21,18.39,18.46,18.16,18.23,5317116,WU
2014/11/24,18.33,18.355,18.175,18.23,4908073,WU
2014/11/25,18.26,18.43,18.22,18.29,4963522,WU
2014/11/26,18.27,18.38,18.1899,18.28,2425161,WU
2014/11/28,18.4,18.66,18.31,18.58,3700156,WU
2014/12/1,18.53,18.53,18.15,18.15,5255473,WU
2014/12/2,18.22,18.35,18.2,18.28,4989449,WU
2014/12/3,18.32,18.49,18.275,18.48,5116056,WU
2014/12/4,18.49,18.53,18.41,18.47,3748505,WU
2014/12/5,18.47,18.61,18.44,18.5,3378284,WU
2014/12/8,18.42,18.6,18.23,18.27,3893837,WU
2014/12/9,18.11,18.35,18.02,18.34,6196444,WU
2014/12/10,18.34,18.35,17.81,17.86,6153546,WU
2014/12/11,17.92,18.35,17.71,17.78,7432338,WU
2014/12/12,17.4,17.6,17.02,17.02,6894761,WU
2014/12/15,17.13,17.24,16.97,17.08,6935322,WU
2014/12/16,17.03,17.26,16.95,16.95,6269926,WU
2014/12/17,16.98,17.53,16.96,17.47,5493568,WU
2014/12/18,17.73,17.78,17.47,17.78,4166652,WU
2014/12/19,17.83,18.06,17.75,18,7354987,WU
2014/12/22,18.01,18.11,17.96,18.05,2343870,WU
2014/12/23,18.15,18.23,18.07,18.12,2372444,WU
2014/12/24,18.11,18.17,18.01,18.07,1013121,WU
2014/12/26,18.1,18.22,18.09,18.09,1439048,WU
2014/12/29,18.06,18.16,18.02,18.04,1938229,WU
2014/12/30,18.03,18.07,17.98,18.01,1889635,WU
2014/12/31,18.02,18.095,17.9,17.91,3135389,WU
2015/1/2,18.04,18.16,17.74,17.93,5486451,WU
2015/1/5,17.84,17.96,17.66,17.76,10365029,WU
2015/1/6,17.73,17.94,17.555,17.73,10353358,WU
2015/1/7,17.86,17.86,17.48,17.56,6979621,WU
2015/1/8,17.71,18.13,17.695,17.91,7824169,WU
2015/1/9,17.91,18.05,17.73,17.93,4653974,WU
2015/1/12,17.94,18.02,17.7258,17.82,3551417,WU
2015/1/13,17.95,18.095,17.67,17.8,3801538,WU
2015/1/14,17.49,17.57,17.16,17.27,6795011,WU
2015/1/15,17.22,17.37,16.91,17,6082226,WU
2015/1/16,16.95,17.22,16.92,17.22,5626455,WU
2015/1/20,17.26,17.39,16.995,17.01,4519987,WU
2015/1/21,16.92,17.2,16.89,17.16,4179617,WU
2015/1/22,17.27,17.65,17.125,17.6,3329196,WU
2015/1/23,17.63,17.7,17.47,17.61,4714383,WU
2015/1/26,17.62,17.74,17.43,17.72,3662648,WU
2015/1/27,17.53,17.53,17.29,17.37,3791935,WU
2015/1/28,17.47,17.4781,16.93,16.96,4404855,WU
2015/1/29,16.98,17.14,16.87,17.13,3142287,WU
2015/1/30,16.98,17.205,16.8126,17,7602383,WU
2015/2/2,16.73,17.43,16.73,17.41,7951176,WU
2015/2/3,17.47,17.69,17.335,17.69,4324113,WU
2015/2/4,17.6,17.85,17.58,17.69,4950246,WU
2015/2/5,17.76,17.95,17.69,17.88,3993483,WU
2015/2/6,17.91,18,17.63,17.73,6145451,WU
2015/2/9,17.65,17.78,17.51,17.62,6166296,WU
2015/2/10,17.63,18.53,17.3,18.4,16769373,WU
2015/2/11,18.05,18.68,17.25,18.3,20201502,WU
2015/2/12,18.41,18.57,18.28,18.31,9781230,WU
2015/2/13,18.34,19.02,18.32,19.02,9802419,WU
2015/2/17,18.99,19.3,18.99,19.3,11242291,WU
2015/2/18,19.26,19.41,19.21,19.3,6402275,WU
2015/2/19,19.26,19.33,19.18,19.27,4790708,WU
2015/2/20,19.19,19.53,19.14,19.45,5126968,WU
2015/2/23,19.43,19.45,19.16,19.27,6664290,WU
2015/2/24,19.24,19.39,19.08,19.33,3998428,WU
2015/2/25,19.35,19.67,19.29,19.6,4947255,WU
2015/2/26,19.61,19.735,19.47,19.59,5330816,WU
2015/2/27,19.49,19.73,19.49,19.52,4531170,WU
2015/3/2,19.51,20.1,19.5,20.04,7255045,WU
2015/3/3,19.97,20.03,19.57,19.72,6337154,WU
2015/3/4,19.63,19.74,19.57,19.65,3436853,WU
2015/3/5,19.65,19.65,19.38,19.49,5567946,WU
2015/3/6,19.43,19.655,19.41,19.45,5549169,WU
2015/3/9,19.44,19.63,19.42,19.57,4114764,WU
2015/3/10,19.39,19.46,19.27,19.38,5833306,WU
2015/3/11,19.38,19.49,19.225,19.28,7968572,WU
2015/3/12,19.41,19.63,19.41,19.58,4933020,WU
2015/3/13,19.43,19.57,19.3,19.51,5048323,WU
2015/3/16,19.56,19.63,19.49,19.61,4450534,WU
2015/3/17,19.6,19.64,19.29,19.3,9166431,WU
2015/3/18,19.27,19.48,18.72,19.35,11123946,WU
2015/3/19,19.33,19.41,19.08,19.25,4610332,WU
2015/3/20,19.35,19.38,19.09,19.2,15178345,WU
2015/3/23,19.24,20.065,19.24,19.75,8559667,WU
2015/3/24,19.71,19.87,19.68,19.72,5597773,WU
2015/3/25,19.74,19.84,19.38,19.39,7502849,WU
2015/3/26,19.35,19.5,19.32,19.39,5162742,WU
2015/3/27,19.33,19.75,19.32,19.7,6653905,WU
2015/3/30,19.91,20.44,19.91,20.4,9454622,WU
2015/3/31,20.29,20.87,20.25,20.81,12186656,WU
2015/4/1,20.74,20.75,20.4,20.56,7572534,WU
2015/4/2,20.52,21.04,20.48,20.91,8877303,WU
2015/4/6,20.22,20.6701,20.12,20.24,9374831,WU
2015/4/7,20.17,20.33,20.02,20.08,6663148,WU
2015/4/8,20.15,20.61,20.14,20.57,6862007,WU
2015/4/9,20.54,20.695,20.41,20.62,4454130,WU
2015/4/10,20.57,20.695,20.54,20.62,2957632,WU
2015/4/13,20.6,20.71,20.5,20.5,4434386,WU
2015/4/14,20.48,20.7,20.37,20.65,4736120,WU
2015/4/15,20.71,20.84,20.6,20.79,5071478,WU
2015/4/16,20.72,20.82,20.5999,20.74,4784203,WU
2015/4/17,20.59,20.675,20.36,20.63,5265476,WU
2015/4/20,20.69,20.8377,20.65,20.73,3465810,WU
2015/4/21,20.77,20.89,20.66,20.7,3384909,WU
2015/4/22,20.74,20.84,20.62,20.8,4287567,WU
2015/4/23,20.8,21.05,20.74,20.97,3724600,WU
2015/4/24,20.88,20.91,20.48,20.59,6303290,WU
2015/4/27,20.65,20.65,20.31,20.37,5527376,WU
2015/4/28,20.38,20.47,20.25,20.47,5020965,WU
2015/4/29,20.36,20.54,20.16,20.39,6174611,WU
2015/4/30,20.31,20.705,20.2,20.28,10046113,WU
2015/5/1,21.01,21.97,21.01,21.25,14682159,WU
2015/5/4,21.34,21.48,21.16,21.18,4800492,WU
2015/5/5,21.09,21.1,20.87,20.95,5062724,WU
2015/5/6,22.04,22.84,21.41,21.85,24838298,WU
2015/5/7,21.51,21.79,21.2,21.7,7349743,WU
2015/5/8,21.94,22.05,21.7,21.93,4483676,WU
2015/5/11,21.9,22.04,21.72,21.76,6343272,WU
2015/5/12,21.64,21.78,21.45,21.75,6957282,WU
2015/5/13,21.84,22.065,21.78,21.87,5405249,WU
2015/5/14,21.98,21.98,21.81,21.96,3400294,WU
2015/5/15,21.99,22.035,21.6,21.71,5660065,WU
2015/5/18,21.7,22.11,21.67,21.99,5626741,WU
2015/5/19,22.02,22.58,21.95,22.42,9674838,WU
2015/5/20,22.14,22.57,22.12,22.48,6703473,WU
2015/5/21,22.43,22.585,22.4,22.5,5046043,WU
2015/5/22,22.45,22.69,22.35,22.56,4288095,WU
2015/5/26,22.45,22.52,22.17,22.24,3741414,WU
2015/5/27,22.21,22.37,22.13,22.19,5961105,WU
2015/5/28,22.13,22.22,21.75,21.94,6684924,WU
2015/5/29,22.19,22.21,21.8448,21.95,5118416,WU
2015/6/1,22.01,22.05,21.755,21.95,4303865,WU
2015/6/2,21.98,22.14,21.92,22.12,3746772,WU
2015/6/3,22.16,22.34,22.1,22.23,3545962,WU
2015/6/4,22.05,22.21,21.85,21.89,2653229,WU
2015/6/5,21.89,21.9396,21.69,21.76,3612513,WU
2015/6/8,21.76,21.83,21.49,21.52,3961670,WU
2015/6/9,21.57,21.72,21.4401,21.57,4435247,WU
2015/6/10,21.56,21.94,21.52,21.8,3817807,WU
2015/6/11,21.83,21.955,21.76,21.86,3946459,WU
2015/6/12,21.56,21.6,21.41,21.47,4650839,WU
2015/6/15,21.29,21.3,21.05,21.19,5997399,WU
2015/6/16,21.2,21.32,21.1,21.29,3260064,WU
2015/6/17,21.37,21.4199,21.12,21.14,3657275,WU
2015/6/18,21.19,21.29,21.07,21.28,6164855,WU
2015/6/19,21.25,21.32,21.11,21.3,6185974,WU
2015/6/22,21.46,21.47,21.3,21.47,2658927,WU
2015/6/23,21.47,21.59,21.42,21.43,3448179,WU
2015/6/24,21.38,21.44,21.09,21.14,3214297,WU
2015/6/25,21.11,21.15,20.87,20.87,5734596,WU
2015/6/26,20.97,21,20.54,20.61,6497058,WU
2015/6/29,20.44,20.7,20.34,20.36,6094224,WU
2015/6/30,20.54,20.61,20.275,20.33,5592854,WU
2015/7/1,20.49,20.52,20.34,20.39,4446373,WU
2015/7/2,19,19.6,18.93,18.99,19017957,WU
2015/7/6,18.9,19,18.68,18.95,9714375,WU
2015/7/7,19.09,19.3,18.75,19.1,7552549,WU
2015/7/8,18.88,19.015,18.84,18.85,6724763,WU
2015/7/9,19.17,19.28,18.91,18.91,4801677,WU
2015/7/10,19.05,19.14,18.94,19.03,3980530,WU
2015/7/13,19.18,19.18,18.99,19.09,3517195,WU
2015/7/14,19.09,19.23,19.07,19.17,4818339,WU
2015/7/15,19.16,19.19,18.86,18.96,4211615,WU
2015/7/16,18.89,19.36,18.89,19.27,6953118,WU
2015/7/17,19.27,19.36,19.1843,19.2,4494372,WU
2015/7/20,19.17,19.335,19.14,19.2,3228599,WU
2015/7/21,19.19,19.27,19.04,19.1,3490080,WU
2015/7/22,19.13,19.32,19.08,19.11,3210820,WU
2015/7/23,19.11,19.15,18.86,18.9,3296389,WU
2015/7/24,18.91,19.02,18.61,18.65,2833147,WU
2015/7/27,18.59,18.6226,18.33,18.36,3417091,WU
2015/7/28,18.47,18.695,18.155,18.64,11025909,WU
2015/7/29,18.65,19.05,18.62,19.04,5638660,WU
2015/7/30,18.95,19.165,18.73,19.02,7293037,WU
2015/7/31,20.15,20.48,19.81,20.24,15718328,WU
2015/8/3,20.26,20.275,19.9,20.22,7428897,WU
2015/8/4,20.34,20.48,20.03,20.17,6274076,WU
2015/8/5,20.37,20.57,20.29,20.33,5635807,WU
2015/8/6,20.34,20.55,20.29,20.37,9713148,WU
2015/8/7,20.32,20.44,20.25,20.4,6542204,WU
2015/8/10,20.51,20.62,20.48,20.55,4537200,WU
2015/8/11,20.4,20.53,20.3,20.4,4423766,WU
2015/8/12,20.24,20.5,20.11,20.42,5610219,WU
2015/8/13,20.41,20.4999,20.34,20.38,2604897,WU
2015/8/14,20.31,20.48,20.245,20.35,3293180,WU
2015/8/17,20.31,20.44,20.21,20.42,2333954,WU
2015/8/18,20.45,20.6,20.32,20.38,3161913,WU
2015/8/19,20.24,20.27,19.85,19.95,4910224,WU
2015/8/20,19.77,19.89,19.47,19.49,5913223,WU
2015/8/21,19.3,19.38,18.72,18.74,8735106,WU
2015/8/24,17.67,18.35,16.91,17.79,20435377,WU
2015/8/25,18.23,18.45,17.79,17.81,10439595,WU
2015/8/26,18.24,18.31,17.75,18.3,7366423,WU
2015/8/27,18.51,18.725,18.15,18.59,6572119,WU
2015/8/28,18.5,18.67,18.46,18.56,4285624,WU
2015/8/31,18.5,18.7,18.41,18.44,4390461,WU
2015/9/1,18.01,18.15,17.6,17.72,7169929,WU
2015/9/2,17.95,18.05,17.72,18.05,4512814,WU
2015/9/3,18.15,18.52,18.135,18.47,6126568,WU
2015/9/4,18.2,18.37,18.15,18.25,5616684,WU
2015/9/8,18.51,18.63,18.28,18.61,4094346,WU
2015/9/9,18.7,18.86,18.18,18.23,5100563,WU
2015/9/10,18.2,18.53,18.12,18.41,3882988,WU
2015/9/11,18.4,18.4,18.16,18.31,4692143,WU
2015/9/14,18.31,18.34,18.02,18.12,4854957,WU
2015/9/15,18.17,18.73,18.15,18.66,6091377,WU
2015/9/16,18.66,19.03,18.59,18.94,5134329,WU
2015/9/17,18.93,19.19,18.77,18.88,3864230,WU
2015/9/18,18.63,18.74,18.47,18.58,8443926,WU
2015/9/21,18.72,18.82,18.61,18.77,4168223,WU
2015/9/22,18.51,18.6,18.35,18.5,3372570,WU
2015/9/23,18.5,18.58,18.35,18.46,2413618,WU
2015/9/24,18.32,18.36,18.015,18.25,3415477,WU
2015/9/25,18.45,18.48,18.095,18.21,4287533,WU
2015/9/28,18.16,18.2,17.62,17.85,5550303,WU
2015/9/29,17.88,18.22,17.78,18.1,7781507,WU
2015/9/30,18.31,18.51,18.0099,18.36,4902694,WU
2015/10/1,18.39,18.4525,18.02,18.21,4298110,WU
2015/10/2,17.76,18.55,17.76,18.55,4389709,WU
2015/10/5,18.73,18.91,18.53,18.74,6777400,WU
2015/10/6,18.73,18.87,18.58,18.61,5089911,WU
2015/10/7,18.74,18.96,18.645,18.8,5018385,WU
2015/10/8,18.78,19.4,18.7,19.2,4671033,WU
2015/10/9,19.19,19.57,19.09,19.13,4740974,WU
2015/10/12,19.14,19.34,19.09,19.14,2912487,WU
2015/10/13,19.08,19.25,18.84,18.94,3502773,WU
2015/10/14,18.95,19.22,18.65,18.71,6140121,WU
2015/10/15,18.83,19.03,18.76,18.94,4691170,WU
2015/10/16,18.96,19.09,18.9,19.08,2698784,WU
2015/10/19,18.99,19.27,18.94,19.08,2845279,WU
2015/10/20,19.06,19.19,18.99,19.03,4416946,WU
2015/10/21,19.09,19.25,19.01,19.07,4076881,WU
2015/10/22,19.22,19.68,19.22,19.66,4046829,WU
2015/10/23,19.8,19.8699,19.515,19.76,3937324,WU
2015/10/26,19.75,19.79,19.5,19.64,4850341,WU
2015/10/27,19.51,19.53,18.38,19.23,13036943,WU
2015/10/28,19.23,19.61,18.94,19.59,5872953,WU
2015/10/29,19.54,19.54,18.96,19.01,5693151,WU
2015/10/30,19.32,19.32,18.9235,19.25,5218501,WU
2015/11/2,19.24,19.43,19.14,19.4,3496687,WU
2015/11/3,19.32,19.59,19.28,19.43,4309321,WU
2015/11/4,19.43,19.5,19.21,19.27,3489971,WU
2015/11/5,19.3,19.725,19.3,19.57,6052992,WU
2015/11/6,19.6,19.9,19.445,19.86,4509126,WU
2015/11/9,19.75,19.75,19.3,19.43,3760759,WU
2015/11/10,19.4,19.57,19.2,19.41,3070179,WU
2015/11/11,19.44,19.51,19.24,19.28,2891767,WU
2015/11/12,19.1,19.17,18.77,18.79,4239085,WU
2015/11/13,18.75,18.83,18.5,18.55,3799166,WU
2015/11/16,18.48,18.73,18.45,18.73,3991769,WU
2015/11/17,18.73,19.31,18.72,19.02,4643386,WU
2015/11/18,19.13,19.51,19.12,19.5,4095342,WU
2015/11/19,19.45,19.5,18.91,19.08,5353610,WU
2015/11/20,19.2,19.21,19,19.06,3164215,WU
2015/11/23,19.11,19.1187,18.94,18.94,2703657,WU
2015/11/24,18.82,18.92,18.64,18.82,3911049,WU
2015/11/25,18.87,18.9,18.71,18.8,1933155,WU
2015/11/27,18.79,18.87,18.595,18.78,1470384,WU
2015/11/30,18.78,19.04,18.77,18.86,4231069,WU
2015/12/1,18.97,19.295,18.9505,19.2,5661066,WU
2015/12/2,19.16,19.21,18.87,18.93,3907639,WU
2015/12/3,18.96,19.04,18.6,18.67,6033356,WU
2015/12/4,18.71,18.97,18.64,18.92,5830730,WU
2015/12/7,18.83,19.03,18.57,19.02,5772664,WU
2015/12/8,18.86,19.13,18.75,18.92,4551939,WU
2015/12/9,18.78,19.25,18.78,18.87,4945426,WU
2015/12/10,18.88,19.13,18.85,18.9,3703486,WU
2015/12/11,18.64,18.735,18.23,18.28,3603667,WU
2015/12/14,18.37,18.47,18,18.14,4191728,WU
2015/12/15,18.14,18.21,17.97,18.08,5623630,WU
2015/12/16,18.27,18.56,18.19,18.52,3760757,WU
2015/12/17,18.57,18.64,18.13,18.13,3442792,WU
2015/12/18,18.06,18.09,17.75,17.8,6063359,WU
2015/12/21,17.92,18.12,17.86,18.01,2866740,WU
2015/12/22,18.07,18.3,18.02,18.26,2684034,WU
2015/12/23,18.37,18.53,18.35,18.51,2534243,WU
2015/12/24,18.49,18.66,18.45,18.5,1418106,WU
2015/12/28,18.44,18.5,18.21,18.24,2183620,WU
2015/12/29,18.32,18.53,18.32,18.43,2079710,WU
2015/12/30,18.41,18.465,18.23,18.24,2416317,WU
2015/12/31,18.1,18.1878,17.91,17.91,2209982,WU
2016/1/4,17.56,17.64,17.38,17.62,5887826,WU
2016/1/5,17.66,17.775,17.44,17.55,3689314,WU
2016/1/6,17.32,17.36,17.1,17.15,4842123,WU
2016/1/7,16.81,17.165,16.81,17.05,5841011,WU
2016/1/8,17.09,17.28,16.85,16.91,4534944,WU
2016/1/11,17.01,17.07,16.66,16.87,3320621,WU
2016/1/12,17.07,17.22,16.69,17.03,3809290,WU
2016/1/13,17.09,17.1,16.5099,16.59,4489783,WU
2016/1/14,16.7,17.21,16.52,17.13,5083745,WU
2016/1/15,16.66,16.83,16.35,16.64,5332765,WU
2016/1/19,16.89,16.9,16.255,16.44,5758472,WU
2016/1/20,16.16,16.655,16.02,16.5,6444777,WU
2016/1/21,16.54,17.14,16.42,16.91,6919944,WU
2016/1/22,17.26,17.42,17.11,17.41,6242140,WU
2016/1/25,17.35,17.4,16.89,16.94,5482613,WU
2016/1/26,16.99,17.355,16.94,17.3,2909445,WU
2016/1/27,17.17,17.44,16.79,16.85,5151409,WU
2016/1/28,17.02,17.19,16.765,17.12,4701309,WU
2016/1/29,17.19,17.89,17.17,17.84,7118240,WU
2016/2/1,17.66,17.73,17.52,17.64,5949699,WU
2016/2/2,17.385,17.4925,16.99,17.08,5565654,WU
2016/2/3,17.24,17.37,16.94,17.28,4722238,WU
2016/2/4,17.31,17.62,17.13,17.55,3567050,WU
2016/2/5,17.55,17.815,17.35,17.56,6838522,WU
2016/2/8,17.38,17.5,16.86,17.41,9625171,WU
2016/2/9,17.05,17.27,16.89,17,7041767,WU
2016/2/10,16.24,17.49,16.23,17.01,8090206,WU
2016/2/11,16.59,17.03,16.48,16.88,8706545,WU
2016/2/12,17.09,17.74,17.06,17.56,5008487,WU
2016/2/16,17.8,18.49,17.8,18.4,8626530,WU
2016/2/17,18.52,18.79,18.24,18.49,6157017,WU
2016/2/18,18.47,18.48,18.16,18.21,5808676,WU
2016/2/19,18.13,18.29,18.08,18.19,6143751,WU
2016/2/22,18.24,18.38,18.2,18.36,6544641,WU
2016/2/23,18.13,18.38,17.94,17.95,5589312,WU
2016/2/24,17.78,18.22,17.52,18.13,4516886,WU
2016/2/25,18.21,18.37,18.02,18.35,3823598,WU
2016/2/26,18.48,18.565,18.39,18.46,4449295,WU
2016/2/29,18.39,18.6,18.25,18.26,4403038,WU
2016/3/1,18.44,18.68,18.3,18.62,4289085,WU
2016/3/2,18.52,18.59,18.28,18.46,4467290,WU
2016/3/3,18.67,19.15,18.61,19.09,5842331,WU
2016/3/4,19.06,19.46,19.05,19.25,6084402,WU
2016/3/7,19.1,19.605,19.1,19.52,4958004,WU
2016/3/8,19.42,19.445,19.08,19.11,6520971,WU
2016/3/9,19.07,19.39,19.06,19.22,5324813,WU
2016/3/10,19.26,19.41,18.59,18.76,7923951,WU
2016/3/11,18.93,19.14,18.88,19.11,3564614,WU
2016/3/14,18.91,19,18.8,18.94,2772632,WU
2016/3/15,18.81,18.83,18.42,18.48,4219496,WU
2016/3/16,18.44,18.72,18.41,18.65,3806184,WU
2016/3/17,18.67,19.09,18.65,19,4267155,WU
2016/3/18,19.03,19.26,18.92,19.13,8724517,WU
2016/3/21,19.07,19.31,18.915,19.1,3295887,WU
2016/3/22,18.94,19.11,18.86,18.9,5615674,WU
2016/3/23,18.9,18.97,18.71,18.8,3740641,WU
2016/3/24,18.68,18.85,18.61,18.78,4246303,WU
2016/3/28,18.89,19.055,18.82,18.85,3129072,WU
2016/3/29,18.78,19.19,18.78,19.14,3212134,WU
2016/3/30,19.21,19.4,19.14,19.33,4451733,WU
2016/3/31,19.33,19.525,19.27,19.29,4740376,WU
2016/4/1,19.15,19.5,19.1101,19.49,3473775,WU
2016/4/4,19.5,19.58,19.33,19.39,2908914,WU
2016/4/5,19.15,19.49,19.13,19.29,5398701,WU
2016/4/6,19.35,19.71,19.28,19.7,4751442,WU
2016/4/7,19.51,19.61,19.17,19.44,5389389,WU
2016/4/8,19.59,19.74,19.485,19.6,4128926,WU
2016/4/11,19.71,19.92,19.65,19.72,4908031,WU
2016/4/12,19.77,19.9,19.66,19.89,5503179,WU
2016/4/13,19.94,20.12,19.83,20.06,5103265,WU
2016/4/14,20.07,20.09,19.8339,19.95,4948171,WU
2016/4/15,19.91,20.03,19.85,19.99,5244174,WU
2016/4/18,19.9,20.13,19.86,20.11,2487138,WU
2016/4/19,20.11,20.25,20.03,20.12,3929422,WU
2016/4/20,20.06,20.3,20.06,20.18,4058848,WU
2016/4/21,20.19,20.37,20.03,20.07,3636413,WU
2016/4/22,20.03,20.25,20.01,20.07,5994819,WU
2016/4/25,19.95,20,19.79,19.97,4236326,WU
2016/4/26,20.07,20.23,20.02,20.21,2729821,WU
2016/4/27,20.25,20.57,20.1722,20.52,3478368,WU
2016/4/28,20.41,20.45,20.06,20.12,3411765,WU
2016/4/29,20.06,20.07,19.81,20,3566965,WU
2016/5/2,20.11,20.18,19.98,20.1,5390755,WU
2016/5/3,19.97,20.04,19.7,19.83,6178980,WU
2016/5/4,19.73,19.97,18.865,19.01,8935151,WU
2016/5/5,19.08,19.26,18.81,18.84,6805592,WU
2016/5/6,18.82,19.05,18.73,19,4357403,WU
2016/5/9,18.98,19.17,18.925,19.05,3333401,WU
2016/5/10,19.13,19.38,19.13,19.36,3445568,WU
2016/5/11,19.32,19.38,19.11,19.15,3168838,WU
2016/5/12,19.25,19.325,19.05,19.25,4291249,WU
2016/5/13,19.23,19.39,19.075,19.18,4162773,WU
2016/5/16,19.18,19.4,19.1,19.22,3711316,WU
2016/5/17,19.15,19.28,18.99,19.05,3000830,WU
2016/5/18,19.03,19.23,18.89,19.08,2878300,WU
2016/5/19,18.94,19.06,18.75,18.89,2585433,WU
2016/5/20,19.01,19.34,18.99,19.25,3681811,WU
2016/5/23,19.24,19.3,18.98,18.99,3602969,WU
2016/5/24,19.16,19.3068,19.13,19.26,2475638,WU
2016/5/25,19.69,19.69,19.33,19.4,2079515,WU
2016/5/26,19.41,19.46,19.26,19.27,2491866,WU
2016/5/27,19.27,19.485,19.265,19.47,2391541,WU
2016/5/31,19.49,19.51,19.205,19.45,6045962,WU
2016/6/1,19.33,19.49,19.245,19.46,2924289,WU
2016/6/2,19.42,19.52,19.345,19.48,3449671,WU
2016/6/3,19.3,19.46,19.265,19.43,2491440,WU
2016/6/6,19.48,19.64,19.41,19.6,1732494,WU
2016/6/7,19.61,19.66,19.53,19.62,2539377,WU
2016/6/8,19.62,19.79,19.59,19.77,3004465,WU
2016/6/9,19.71,19.71,19.565,19.64,2438821,WU
2016/6/10,19.46,19.54,19.29,19.36,2135268,WU
2016/6/13,19.26,19.34,19.03,19.07,1933944,WU
2016/6/14,18.82,18.97,18.705,18.92,2941287,WU
2016/6/15,18.92,19.07,18.86,18.86,2092949,WU
2016/6/16,18.75,18.86,18.66,18.8,4321693,WU
2016/6/17,18.81,19.06,18.77,19.02,6896140,WU
2016/6/20,19.31,19.37,18.94,19,5283819,WU
2016/6/21,19.03,19.06,18.9,18.94,2229625,WU
2016/6/22,19.01,19.22,19.01,19.09,2016086,WU
2016/6/23,19.31,19.38,19.1945,19.38,2060598,WU
2016/6/24,18.63,19.04,18.6,18.61,5849795,WU
2016/6/27,18.42,18.43,18.07,18.11,3938530,WU
2016/6/28,18.29,18.71,18.24,18.7,4283540,WU
2016/6/29,18.73,18.86,18.67,18.82,3739244,WU
2016/6/30,18.84,19.18,18.735,19.18,3508755,WU
2016/7/1,19.22,19.47,19.2,19.36,3090452,WU
2016/7/5,19.28,19.28,19.03,19.13,2489463,WU
2016/7/6,19,19.19,18.97,19.18,2025086,WU
2016/7/7,18.81,19.21,18.81,19,2950298,WU
2016/7/8,19.17,19.58,19.15,19.57,3248860,WU
2016/7/11,19.66,19.7,19.53,19.6,3184465,WU
2016/7/12,19.71,20.04,19.69,19.98,2910183,WU
2016/7/13,19.99,20.02,19.81,19.89,2562307,WU
2016/7/14,20.07,20.12,19.965,20.04,1926279,WU
2016/7/15,20.08,20.16,19.99,20.13,2529646,WU
2016/7/18,20.13,20.2,20.09,20.13,2116753,WU
2016/7/19,20.02,20.155,19.99,20.1,1832658,WU
2016/7/20,20.1,20.25,20.05,20.18,2322982,WU
2016/7/21,20.15,20.29,20.08,20.17,2601349,WU
2016/7/22,20.13,20.27,20.06,20.26,1958989,WU
2016/7/25,20.24,20.3,20.14,20.21,2673804,WU
2016/7/26,20.23,20.41,20.055,20.41,3670810,WU
2016/7/27,20.39,20.475,20.31,20.39,2817221,WU
2016/7/28,20.36,20.39,20.17,20.2,2191694,WU
2016/7/29,20.15,20.15,19.75,20,4512503,WU
2016/8/1,20,20.13,19.85,19.96,3795115,WU
2016/8/2,19.9,19.92,19.54,19.63,3454588,WU
2016/8/3,19.58,19.93,19.58,19.92,4709626,WU
2016/8/4,20.13,21.42,20.12,20.69,11395177,WU
2016/8/5,20.76,21.07,20.74,21,3134636,WU
2016/8/8,21.01,21.14,20.82,20.85,3618501,WU
2016/8/9,20.89,20.99,20.83,20.95,2463769,WU
2016/8/10,20.98,21,20.8401,20.94,1951386,WU
2016/8/11,21,21.135,20.97,21.08,2712334,WU
2016/8/12,21.01,21.05,20.93,20.97,1661147,WU
2016/8/15,20.98,21.095,20.95,21.01,1725180,WU
2016/8/16,20.94,21,20.8,20.83,1827859,WU
2016/8/17,20.83,21.05,20.76,21.03,2920138,WU
2016/8/18,21.03,21.15,20.95,21.08,2527028,WU
2016/8/19,21,21.205,20.97,21.2,3075680,WU
2016/8/22,21.15,21.43,21.09,21.41,3507307,WU
2016/8/23,21.49,21.49,21.32,21.37,4177728,WU
2016/8/24,21.38,21.62,21.33,21.44,6521577,WU
2016/8/25,21.36,21.5,21.31,21.48,3016957,WU
2016/8/26,21.54,21.795,21.465,21.61,3818985,WU
2016/8/29,21.59,21.62,21.443,21.46,2600749,WU
2016/8/30,21.49,21.6,21.46,21.56,2274513,WU
2016/8/31,21.5,21.54,21.39,21.52,2482777,WU
2016/9/1,21.52,21.57,21.32,21.42,2894567,WU
2016/9/2,21.5,21.755,21.49,21.61,2256764,WU
2016/9/6,21.65,21.78,21.57,21.76,3781078,WU
2016/9/7,21.76,21.8,21.63,21.77,2676966,WU
2016/9/8,21.55,21.615,21.23,21.31,3671682,WU
2016/9/9,21.18,21.19,20.75,20.75,3737900,WU
2016/9/12,20.54,21.02,20.5,20.97,3930910,WU
2016/9/13,20.83,20.87,20.48,20.57,3508365,WU
2016/9/14,20.46,20.51,20.24,20.3,2794188,WU
2016/9/15,20.27,20.49,20.25,20.32,3766847,WU
2016/9/16,20.37,20.39,20.2,20.33,6295560,WU
2016/9/19,20.27,20.32,19.901,20,3860774,WU
2016/9/20,19.97,20,19.79,19.83,5134041,WU
2016/9/21,19.9,20.22,19.88,20.19,3202694,WU
2016/9/22,20.29,20.3899,20.18,20.32,2788559,WU
2016/9/23,20.25,20.47,20.22,20.3,3147513,WU
2016/9/26,20.19,20.47,20.18,20.27,3256532,WU
2016/9/27,20.27,20.43,20.2,20.26,3758202,WU
2016/9/28,20.35,20.53,20.14,20.5,3747897,WU
2016/9/29,20.4,20.59,20.3,20.49,5407648,WU
2016/9/30,20.57,20.91,20.52,20.82,6330773,WU
2016/10/3,20.74,20.77,20.56,20.61,4410540,WU
2016/10/4,20.61,20.72,20.27,20.33,3239365,WU
2016/10/5,20.4,20.46,20.26,20.3,2985545,WU
2016/10/6,20.29,20.475,20.2,20.4,1681950,WU
2016/10/7,20.4,20.47,20.22,20.42,3577752,WU
2016/10/10,20.47,20.535,20.27,20.29,2088869,WU
2016/10/11,20.27,20.28,19.85,19.92,3325573,WU
2016/10/12,19.9,20.155,19.79,20.06,2281907,WU
2016/10/13,19.94,20.04,19.77,19.92,3630766,WU
2016/10/14,20.04,20.21,19.974,20.12,2953056,WU
2016/10/17,20.12,20.18,19.82,19.84,2667195,WU
2016/10/18,20,20.05,19.74,19.78,2803047,WU
2016/10/19,19.78,20.07,19.78,20,2676652,WU
2016/10/20,19.97,20.06,19.89,19.99,1865378,WU
2016/10/21,19.93,20.04,19.87,20,2965069,WU
2016/10/24,20.12,20.365,20.09,20.34,3554602,WU
2016/10/25,20.29,20.395,20.2,20.36,6663016,WU
2016/10/26,19.99,20.05,19.48,19.79,6546306,WU
2016/10/27,19.87,19.95,19.77,19.9,3172077,WU
2016/10/28,19.94,20.09,19.7807,19.93,3391860,WU
2016/10/31,20,20.12,19.91,20.07,4565377,WU
2016/11/1,20.14,20.33,19.655,19.74,4887138,WU
2016/11/2,19.79,20.47,19.57,19.9,6396452,WU
2016/11/3,19.91,20.02,19.735,19.78,4616490,WU
2016/11/4,19.78,19.91,19.38,19.63,5626923,WU
2016/11/7,19.94,20.37,19.89,20.36,4416518,WU
2016/11/8,20.36,20.58,20.32,20.42,4279195,WU
2016/11/9,20.01,20.01,19.46,19.87,10282520,WU
2016/11/10,20.01,20.19,19.55,19.94,7608145,WU
2016/11/11,19.86,20.61,19.84,20.42,5746594,WU
2016/11/14,20.46,20.74,20.42,20.58,4906762,WU
2016/11/15,20.65,20.77,20.47,20.58,3444768,WU
2016/11/16,20.57,20.7,20.405,20.55,2989486,WU
2016/11/17,20.51,20.695,20.51,20.63,3062086,WU
2016/11/18,20.62,20.76,20.38,20.48,3404559,WU
2016/11/21,20.57,21.05,20.55,21.05,4162330,WU
2016/11/22,21.12,21.28,21.03,21.27,3242897,WU
2016/11/23,21.28,21.49,21.27,21.47,2374632,WU
2016/11/25,21.5,21.58,21.4,21.48,1341204,WU
2016/11/28,21.45,21.51,21.17,21.2,2830368,WU
2016/11/29,21.24,21.32,21.12,21.16,2167719,WU
2016/11/30,21.15,21.29,21.02,21.03,3653648,WU
2016/12/1,21.06,21.11,20.62,20.74,3316709,WU
2016/12/2,20.71,20.855,20.44,20.47,3776745,WU
2016/12/5,20.62,20.92,20.52,20.89,4785553,WU
2016/12/6,20.91,21.73,20.81,21.63,7928049,WU
2016/12/7,21.62,22.26,21.54,22.13,6818568,WU
2016/12/8,22.09,22.22,22,22.14,4634439,WU
2016/12/9,22.09,22.09,21.9,22.01,3246645,WU
2016/12/12,21.95,22.14,21.69,21.78,2953782,WU
2016/12/13,21.74,21.94,21.7,21.79,4587937,WU
2016/12/14,21.81,21.94,21.485,21.54,3396040,WU
2016/12/15,21.46,21.52,21.29,21.34,2297712,WU
2016/12/16,21.44,21.495,21.22,21.25,5380705,WU
2016/12/19,21.4,21.825,21.36,21.62,3397469,WU
2016/12/20,21.75,21.8,21.525,21.7,2868350,WU
2016/12/21,21.62,21.755,21.62,21.66,1714243,WU
2016/12/22,21.71,21.87,21.57,21.8,4264841,WU
2016/12/23,21.77,21.9,21.72,21.85,2241398,WU
2016/12/27,21.91,22.215,21.84,22.03,2796907,WU
2016/12/28,22.22,22.22,21.69,21.73,2619649,WU
2016/12/29,21.8,21.95,21.72,21.83,2010932,WU
2016/12/30,21.84,21.9,21.6,21.72,2549166,WU
2017/1/3,21.88,22.095,21.75,21.97,5085678,WU
2017/1/4,22.02,22.47,21.99,22.41,4106553,WU
2017/1/5,22.41,22.67,22.19,22.31,3856689,WU
2017/1/6,22.35,22.59,22.18,22.57,3296303,WU
2017/1/9,22.6,22.7,22.49,22.55,3242362,WU
2017/1/10,22.52,22.53,22.2,22.23,5102782,WU
2017/1/11,22.2,22.34,22.115,22.32,5508894,WU
2017/1/12,22.15,22.25,21.975,22.12,4452397,WU
2017/1/13,22.11,22.23,22.03,22.17,3919434,WU
2017/1/17,22.12,22.17,21.94,22.01,2401916,WU
2017/1/18,22.1,22.18,21.8,21.85,5704926,WU
2017/1/19,21.93,22.15,20.445,21.13,15154315,WU
2017/1/20,20.86,21.04,20.63,20.98,9698696,WU
2017/1/23,20.87,20.9,20.59,20.72,6576843,WU
2017/1/24,20.69,20.69,20.31,20.42,9922869,WU
2017/1/25,20.48,20.56,20.03,20.08,10725180,WU
2017/1/26,19.71,19.82,19.25,19.59,17041165,WU
2017/1/27,19.55,19.625,19.44,19.59,5022982,WU
2017/1/30,19.54,19.625,19.395,19.61,5965007,WU
2017/1/31,19.6,19.63,19.47,19.58,5454895,WU
2017/2/1,19.64,19.73,19.37,19.54,5718597,WU
2017/2/2,19.51,19.81,19.46,19.73,6008966,WU
2017/2/3,19.9,20.1,19.85,19.97,6532202,WU
2017/2/6,19.99,19.99,19.79,19.83,3651629,WU
2017/2/7,19.83,19.9,19.725,19.84,2369973,WU
2017/2/8,19.79,20.08,19.79,19.91,7612336,WU
2017/2/9,19.98,20.41,19.93,20.38,8871055,WU
2017/2/10,19.74,20.095,19.3,19.74,14984449,WU
2017/2/13,19.79,19.89,19.41,19.53,12411714,WU
2017/2/14,19.44,19.78,19.42,19.68,6146578,WU
2017/2/15,19.65,19.7,19.535,19.59,5105131,WU
2017/2/16,19.59,19.625,19.47,19.55,5949424,WU
2017/2/17,19.5,19.83,19.49,19.82,5810318,WU
2017/2/21,19.78,20,19.72,19.81,4782876,WU
2017/2/22,19.78,20.14,19.75,19.99,6090045,WU
2017/2/23,20.03,20.05,19.87,19.92,6016221,WU
2017/2/24,19.86,20.33,19.8,20.17,5241423,WU
2017/2/27,20.14,20.2,20.01,20.13,4913043,WU
2017/2/28,20.16,20.19,19.59,19.64,12166633,WU
2017/3/1,19.77,20.11,19.76,19.91,8837710,WU
2017/3/2,19.89,19.96,19.675,19.93,8967100,WU
2017/3/3,19.94,20.06,19.86,19.96,4269923,WU
2017/3/6,19.89,19.97,19.715,19.9,3421011,WU
2017/3/7,19.87,20.03,19.83,19.9,4738206,WU
2017/3/8,19.97,19.98,19.69,19.83,4579103,WU
2017/3/9,19.81,19.85,19.63,19.67,3091590,WU
2017/3/10,19.74,19.88,19.63,19.67,3621605,WU
2017/3/13,19.65,19.73,19.53,19.58,6241048,WU
2017/3/14,19.75,20.575,19.75,20.27,11973027,WU
2017/3/15,20.21,20.32,20.07,20.18,5422604,WU
2017/3/16,20.25,20.33,20.175,20.21,3986615,WU
2017/3/17,20.23,20.48,20.17,20.4,5068845,WU
2017/3/20,20.41,20.46,20.15,20.21,3526249,WU
2017/3/21,20.23,20.31,20.07,20.09,4349665,WU
2017/3/22,20.11,20.19,19.95,20.13,3076227,WU
2017/3/23,20.11,20.28,20.09,20.13,3674680,WU
2017/3/24,20.18,20.4,20.1001,20.25,3417558,WU
2017/3/27,20.01,20.1,19.89,20.03,3593332,WU
2017/3/28,19.97,20.24,19.95,20.15,4049725,WU
2017/3/29,19.99,20.255,19.95,20.25,3240323,WU
2017/3/30,20.22,20.53,20.22,20.49,3928105,WU
2017/3/31,20.46,20.465,20.255,20.35,5600251,WU
2017/4/3,20.34,20.35,19.66,19.77,5805248,WU
2017/4/4,19.76,19.79,19.6,19.71,3722324,WU
2017/4/5,19.81,19.965,19.66,19.66,3579260,WU
2017/4/6,19.7,19.74,19.5607,19.59,4535597,WU
2017/4/7,19.6,19.6,19.26,19.36,8901387,WU
2017/4/10,19.36,19.54,19.31,19.42,7146276,WU
2017/4/11,19.42,19.52,19.28,19.52,7094208,WU
2017/4/12,19.51,19.55,19.37,19.42,4760136,WU
2017/4/13,19.37,19.51,19.32,19.35,3462554,WU
2017/4/17,19.4,19.5075,19.385,19.49,2534169,WU
2017/4/18,19.45,19.76,19.38,19.67,4696799,WU
2017/4/19,19.71,19.98,19.71,19.78,4227430,WU
2017/4/20,19.85,20.03,19.82,19.99,3356349,WU
2017/4/21,19.98,20,19.68,19.76,3808080,WU
2017/4/24,19.93,20.14,19.93,20.08,4244286,WU
2017/4/25,20.17,20.27,20.12,20.12,3283417,WU
2017/4/26,20.05,20.205,19.875,20.1,4863794,WU
2017/4/27,20.17,20.2,19.89,19.98,3729632,WU
2017/4/28,19.97,19.97,19.74,19.86,3784010,WU
2017/5/1,19.91,20.1,19.86,19.97,3256861,WU
2017/5/2,19.97,20.23,19.89,20.13,4248369,WU
2017/5/3,20.11,20.11,19.09,19.26,10452114,WU
2017/5/4,19.33,19.49,19.3,19.4,3873935,WU
2017/5/5,19.41,19.43,19.31,19.39,2407037,WU
2017/5/8,19.38,19.62,19.36,19.56,3353395,WU
2017/5/9,19.52,19.6,19.43,19.49,4161476,WU
2017/5/10,19.43,19.69,19.42,19.64,3131020,WU
2017/5/11,19.55,19.6,19.37,19.46,4095473,WU
2017/5/12,19.41,19.53,19.25,19.28,2478061,WU
2017/5/15,19.26,19.43,19.26,19.41,2844974,WU
2017/5/16,19.39,19.42,19.08,19.15,4167823,WU
2017/5/17,19,19.13,18.89,18.9,3871996,WU
2017/5/18,18.82,18.95,18.79,18.85,3484626,WU
2017/5/19,18.87,19.08,18.87,19.01,2709116,WU
2017/5/22,19,19.14,18.91,19.12,2441390,WU
2017/5/23,19.13,19.19,18.8,18.82,4700280,WU
2017/5/24,18.82,19.46,18.81,19.27,4580241,WU
2017/5/25,19.28,19.41,19.26,19.31,2211806,WU
2017/5/26,19.27,19.34,19.05,19.07,2213461,WU
2017/5/30,19.02,19.21,18.93,19.18,3450067,WU
2017/5/31,19.18,19.28,18.88,19.02,7722784,WU
2017/6/1,19.09,19.52,19.07,19.44,5124638,WU
2017/6/2,19.41,19.44,19.18,19.28,3296626,WU